Rainfall_mm,Temperature_Celsius,Days_to_Harvest,Fertilizer_Used,Irrigation_Used,Soil_Type,Crop,Yield_tons_per_hectare
528.4201738379799,17.164180297622394,168,1,1,Loam,Cotton,1.9390967056229909
1721.2744733755399,52.79748323031292,294,0,1,Clay,Wheat,4.507568546224077
796.2539798309484,21.49621905548024,75,1,1,Sandy,Barley,5.8286946235347115
1417.9419807496695,57.84513514739055,229,0,1,Chalky,Rice,6.468769686194795
1632.9554982437492,45.2526325671446,232,1,1,Chalky,Rice,6.4746815238529765
107.91456871510307,56.548643248044854,108,0,1,Peaty,Maize,1.8072296176581344
1655.1919391897716,55.40203203767548,222,0,1,Peaty,Soybean,1.0801431465233922
455.6229393846134,28.503652431680823,268,1,1,Chalky,Barley,5.030154305123393
454.56717406467726,14.448170662725158,217,1,0,Sandy,Cotton,2.907771676089979
534.6934908372078,21.712161934413107,264,0,1,Clay,Soybean,6.864639661509405
1893.129531138543,-1.5577283590357516,85,0,0,Clay,Soybean,1.6296548924026093
1432.6250127143526,28.364894185308945,214,0,0,Sandy,Maize,1.8813673934386919
1461.0104844413895,-5.500945082247318,72,0,0,Clay,Cotton,6.350365816188884
1231.806762262962,3.044642942869291,263,1,0,Silt,Cotton,5.378455507577633
308.66716532751815,-4.9290836280210115,274,1,1,Chalky,Cotton,4.661444372910974
86.76447710731993,51.03023664129006,95,0,1,Clay,Rice,2.4042432209886067
150.9141736887383,33.387971405849555,173,1,0,Chalky,Rice,6.041929893978243
1511.6573748091587,39.70941767190232,292,1,0,Sandy,Rice,7.936242141812764
1464.3301074440808,32.22228214711817,160,1,1,Peaty,Wheat,6.773278819863112
1299.0583916184507,20.850185665072008,114,0,1,Peaty,Maize,6.15482576988451
1235.537789803475,56.54513127574476,277,0,1,Silt,Barley,9.143018223585068
174.89586909734766,21.330366236931116,91,0,0,Chalky,Maize,7.613553136927491
658.571909292284,2.1835570654391834,31,0,1,Chalky,Barley,1.8772122114148526
1770.7773413103396,2.8009264453136726,298,1,0,Silt,Wheat,7.792890295296594
488.1810348631113,29.940109075684607,121,0,1,Loam,Maize,3.1005017749418515
988.0364945806061,41.89896884859689,97,1,0,Chalky,Rice,4.8360676156064635
287.2733041441207,18.366683071907563,67,1,0,Sandy,Barley,7.127495102516713
1292.724397108106,51.81063241953716,206,0,0,Clay,Wheat,4.9291504178958725
545.6779354385025,-7.4158629481738805,116,0,1,Chalky,Wheat,8.910530693679366
1196.907474140187,1.6045062014977485,225,0,1,Loam,Wheat,1.3956106985897967
236.68128656183262,1.9934584908595565,211,1,0,Silt,Maize,5.717466988944408
44.530803220760085,45.43358913959249,159,1,0,Peaty,Wheat,2.2390428507766975
1900.2718235192724,30.3386036410714,272,0,0,Clay,Maize,8.498727105320034
1715.394746508089,21.801940180975947,31,1,1,Clay,Soybean,5.96255793282741
341.50913055537615,23.09256972339113,202,1,0,Sandy,Maize,8.49118017551901
1362.6407953037651,31.07495763724909,235,0,0,Sandy,Wheat,3.7466980186410157
800.1798214622464,52.447453233416,220,1,0,Peaty,Cotton,3.6205381822457285
75.33048707374724,46.00121612528207,43,0,0,Chalky,Maize,6.33626758281228
1593.9061741073738,28.49645643388893,137,0,1,Sandy,Maize,1.0638767565224083
604.585685950709,20.46720189392146,130,1,1,Peaty,Soybean,2.9561724954022903
1233.216253274188,10.831063615780833,94,0,0,Silt,Maize,4.60756491259189
1831.6610943999249,12.340618260699028,31,0,1,Sandy,Cotton,2.9477834746874714
1154.904231533698,55.2945263986334,50,1,0,Sandy,Barley,5.186296465646603
748.2711796889013,37.6293475539687,87,0,0,Peaty,Barley,5.9217400229204085
1752.8742988505355,17.208935256375664,152,0,0,Loam,Maize,2.5562843362064305
338.71114288102524,44.46607879458029,46,1,1,Clay,Maize,2.331365885951747
62.93171191558544,26.272767203278118,56,1,1,Clay,Wheat,5.061551129281016
1215.902004138256,30.491058305601584,144,1,0,Peaty,Barley,9.946516924449597
368.18147051847427,17.70826895743039,257,0,1,Sandy,Soybean,3.4847814437507743
1179.625649080288,15.146264878746589,53,0,1,Sandy,Cotton,7.384207439747195
173.56788403461977,51.29281869395546,60,1,1,Loam,Rice,8.17646659880118
1599.3675491213587,45.362940248086105,286,1,1,Chalky,Wheat,6.351700339740126
1281.8491945840085,43.124076640649605,216,0,0,Loam,Cotton,2.8219721499228276
794.4885862902021,47.91250399493582,54,0,1,Sandy,Cotton,2.8247407154735145
394.5842386187781,35.375061299933584,209,0,1,Sandy,Rice,5.692468379050228
226.2919601893292,20.426660031597997,213,0,1,Silt,Barley,6.053431620193151
53.3748222571453,2.079996475358773,258,1,0,Clay,Cotton,1.4051108216994126
352.79178224779326,11.626522983268877,207,1,1,Silt,Soybean,2.8500889420075404
1764.5949993064653,41.61204920721097,49,1,1,Peaty,Barley,8.191089586560361
645.3383912198383,48.52455287318727,240,0,0,Clay,Cotton,1.6622780792783933
316.77475621156924,14.928010896882297,118,1,0,Chalky,Cotton,8.62418191118139
1627.2319669097726,4.980157916335375,212,1,0,Chalky,Barley,5.011010443313642
574.1482659106756,-9.118529679660714,135,0,1,Sandy,Wheat,4.570594664389255
1758.0858027358242,58.8516542680901,40,0,0,Peaty,Wheat,9.737194992182364
336.7399074710498,12.264047263909335,284,1,0,Clay,Wheat,2.044383212964493
362.9472964018103,-7.7296753803830685,249,1,0,Peaty,Rice,7.901387396845775
1693.6627861506277,19.18835881847986,112,1,1,Clay,Rice,8.693761243947943
860.8688514581131,9.835326940676868,81,0,1,Clay,Barley,2.8080242340338595
1620.7764970566118,27.701961574922116,231,1,1,Clay,Wheat,1.7985233908445415
483.29985359228033,24.57153216882743,190,1,1,Sandy,Wheat,6.808911207614627
1717.8769323071367,51.329230903309295,293,1,0,Silt,Cotton,7.622141427651728
762.271236620182,44.82827518688721,38,1,0,Sandy,Rice,6.900108644491322
570.4138662065006,-7.551005910768734,286,1,0,Chalky,Wheat,4.453971039341144
1878.9176217107372,23.358429893960313,40,0,1,Sandy,Barley,4.5701050499989
1827.4666966538277,21.45025243874341,173,0,1,Loam,Maize,8.381661165916107
1427.2761352471882,46.66390491570046,223,1,0,Chalky,Soybean,1.6023546544525318
1657.4588053536934,21.891614187065443,146,1,1,Clay,Cotton,4.442763835309163
1049.0461923139242,15.117169803429697,95,0,0,Chalky,Rice,4.972932560548422
150.4207480131574,37.68658244724572,39,1,1,Chalky,Wheat,8.702172377091182
1909.3226118983441,3.787192726399824,136,1,0,Peaty,Soybean,8.423122422270582
846.9196114835564,31.544926383638675,243,1,0,Silt,Maize,5.248321461925138
518.4916116268505,29.42465177447075,239,0,1,Sandy,Maize,1.532310855168626
1019.2967003008326,9.678581043507757,171,1,0,Silt,Barley,2.3148090915642756
1488.4651416994088,39.810375614927175,129,1,0,Clay,Wheat,5.379639885815434
817.9428417749529,-0.79102362448075,109,0,1,Chalky,Maize,5.7103965342648015
811.7173221108209,-7.877580978134939,82,0,1,Peaty,Rice,4.544948338873298
917.948175891345,14.812218283333756,66,1,0,Peaty,Cotton,6.121042763641329
762.38245740247,45.818890250854864,228,0,0,Loam,Wheat,2.537275746777425
798.3102570573044,33.669408547161765,272,0,0,Peaty,Cotton,1.3581099790778928
1462.5656135231568,-2.6583510297168766,255,1,0,Clay,Barley,4.263864585103504
1807.5815517243018,30.780835689543967,121,1,1,Silt,Barley,3.9548566981827555
1782.483077859959,-4.256738431618164,147,1,0,Sandy,Maize,7.513124893935359
231.44808814174223,44.541293352633275,225,1,1,Clay,Barley,8.821240159952405
658.6116566111513,1.6427009447601537,79,1,0,Loam,Barley,6.593662152365512
1422.712988794586,28.777176425834632,153,1,0,Silt,Barley,3.138281620546052
192.3373012451992,-9.12107008207383,122,1,0,Loam,Wheat,5.09881588024134
1445.372121649789,24.825301526365166,129,0,1,Peaty,Rice,1.0963266546488855
280.41634037798514,43.39419622030159,105,0,0,Silt,Soybean,5.256041496948398
1700.0944099116386,27.00343620689295,49,1,0,Peaty,Cotton,7.932512721106914
618.2081905244014,50.248650959992204,258,1,1,Chalky,Cotton,5.371226355190869
1000.3807843766461,21.374096168627318,162,0,0,Sandy,Cotton,9.273627656048067
1025.2199700536194,29.17917696717165,294,1,0,Chalky,Rice,9.920240857539305
1464.6494090545796,7.461570674302908,212,1,1,Clay,Wheat,2.867612870449478
1639.211007768311,59.068140138010904,139,0,0,Clay,Wheat,4.331446722897442
14.803835619076056,6.393505065937719,163,0,0,Chalky,Soybean,3.399498250554005
1837.9534459837325,10.37101087481298,268,1,1,Peaty,Maize,7.575331475393991
1386.5296019127395,-8.920627061371967,257,1,1,Loam,Barley,6.670727477357708
1727.407276001192,37.19254490710856,140,0,0,Clay,Wheat,3.7084160339445056
1900.8540976660656,3.2541523053469366,89,1,1,Silt,Barley,7.1516177526816636
1360.588736522506,12.844907475982776,148,1,1,Chalky,Rice,5.229235609391939
1678.7853913663607,29.144434827195784,113,0,1,Loam,Maize,5.043238167146346
1651.6638688106605,6.3539172746625106,251,0,1,Sandy,Maize,3.1926291328052896
688.8638091987211,7.149372132058708,64,1,1,Clay,Barley,4.496734358021944
772.8727954677248,37.280687190894604,165,1,0,Silt,Cotton,6.843213661428345
1964.939783417636,56.461074731104674,161,1,0,Chalky,Barley,3.0333230226353605
1698.59458073346,37.803156697437636,76,1,0,Chalky,Rice,5.4286188794648105
1965.7106524637766,-9.540394944627428,137,1,1,Silt,Maize,9.602697101688946
211.23740415489766,-8.209442602980998,184,1,0,Chalky,Barley,8.74791570632831
1599.6248508733765,42.94382527760273,243,0,0,Silt,Barley,6.704905512631056
949.3741973048282,57.212845501723315,130,1,0,Peaty,Rice,7.496224870343576
667.2764899474148,49.46357324178524,133,0,1,Silt,Maize,8.319468662442693
1855.8175598377982,15.723511056206691,138,0,1,Sandy,Barley,2.176388402110827
1587.5520951472363,-9.745463689026213,264,0,0,Sandy,Cotton,7.23854240220369
1405.7787815948514,21.720570699639985,297,0,0,Clay,Maize,9.594437632198288
1560.4013031107193,36.466371109730694,53,0,1,Chalky,Cotton,7.7461866908229
516.6641044972631,45.96523506662426,114,0,0,Chalky,Barley,6.324010024350649
1914.1567399965884,47.99971275285065,69,1,1,Silt,Maize,6.407557528304374
1789.390196924314,42.02046023359875,160,1,1,Sandy,Cotton,4.580614588712378
116.1895500736898,4.472382944849931,145,1,0,Sandy,Barley,8.241327033937093
539.0435190404594,58.79316327113876,208,1,0,Sandy,Barley,2.32434510042178
531.2303391106141,23.08217897123906,183,1,1,Peaty,Maize,2.1475357502853467
997.7991105935262,0.018764674340473464,276,1,0,Sandy,Soybean,9.885748999738631
1285.8078850577926,3.0092853353661573,255,1,1,Clay,Maize,7.057412191651451
104.90060204290286,-0.9270053049975213,255,1,1,Sandy,Maize,4.793338690104427
265.2699456307148,-8.666410131428538,187,1,1,Clay,Soybean,3.077571268747942
127.64279070929786,57.040740762365154,203,1,1,Clay,Wheat,4.104927827462433
364.27022604323,19.564236836139234,88,0,0,Peaty,Soybean,6.021156737705024
1587.0706454498934,50.64531929457822,243,0,0,Silt,Soybean,5.415828614122069
525.0687811731833,13.62089314687368,145,1,1,Silt,Barley,5.490713556995103
1920.178717964831,54.74346435743986,153,0,0,Silt,Cotton,3.550798263217042
1699.7368011160856,47.79898161972453,218,0,0,Sandy,Wheat,3.3739636811901623
132.30312068948047,39.75125065327576,33,0,1,Sandy,Barley,9.384226940848077
1856.986749007503,44.54003714491401,246,1,1,Loam,Cotton,3.2665607183247154
1858.4926056225133,-0.5351050418085102,268,0,1,Sandy,Maize,5.259367586970664
1338.2236170226427,48.30540288187338,269,0,1,Sandy,Maize,2.8506143526829337
1185.5103764227576,5.522468289122796,173,0,0,Peaty,Soybean,1.1793795961800817
1189.8603622947721,22.260404723771256,30,0,0,Peaty,Cotton,3.5229244283136083
1754.7743116854258,38.85145405695391,51,1,1,Clay,Barley,1.3345349767471557
312.2684259615054,-9.583990171238414,189,0,1,Chalky,Barley,7.2296685928972435
1138.785739138841,19.2347277257848,211,1,1,Loam,Rice,5.279635534228651
370.5675908559285,47.535011858831886,160,1,1,Loam,Cotton,6.97250306596668
1505.382490853987,32.93459575099657,97,1,1,Peaty,Cotton,1.8729309583489535
1527.6259169593475,52.11035439663104,182,0,0,Silt,Soybean,4.288516610462667
1896.0090116978934,52.792905777003426,201,1,1,Silt,Maize,4.254972152893184
1150.9734669322736,59.32241297615739,281,1,0,Clay,Barley,4.482120053847075
1698.2102208464507,16.249471206875242,272,0,0,Peaty,Barley,1.3838167955832197
944.1654858590949,59.57759328798982,205,0,1,Chalky,Wheat,3.120418558330358
1155.6692946281978,37.56193218439484,108,0,0,Sandy,Rice,5.436303260881598
1537.3928969656654,48.48230173719076,181,0,1,Peaty,Cotton,1.966991501337695
1822.728377631291,-1.7732851878290645,194,0,0,Clay,Rice,9.925381182857079
668.5008217711251,46.58738429927852,172,1,1,Peaty,Soybean,3.8373774474987976
1073.129821303381,39.52546210002011,109,1,0,Peaty,Barley,1.2690336250117167
1246.2755099647186,34.407797205134415,158,0,0,Peaty,Wheat,9.388413275277378
358.98544983844636,14.482832947349861,142,1,0,Loam,Maize,1.2386332716862936
370.59805462653594,45.56008637185452,168,0,0,Chalky,Barley,8.86088701997552
562.1531483123961,44.8474410986742,238,1,1,Silt,Soybean,2.6749869101645922
1414.2724814771232,13.166328370193533,49,0,0,Silt,Cotton,6.3746034662434
162.22155708016683,37.416431741193854,145,1,0,Peaty,Cotton,2.4319465160168954
1278.5911381096375,14.543211381899095,244,1,1,Clay,Maize,7.9960262793362435
1207.3365636555925,-3.5553049377315027,235,1,1,Sandy,Maize,7.011713064322865
767.4230168880223,-8.215133024542663,92,1,1,Loam,Rice,2.3339238060225487
1013.2368973473242,-0.8765015255289021,124,0,0,Loam,Rice,7.482209097895135
565.2332501005028,7.148074567760054,286,1,0,Silt,Rice,2.973309608478164
821.3695296049834,0.5884843155761654,283,0,0,Chalky,Barley,6.789788814346457
1208.4875326898114,28.544809246401158,241,0,1,Peaty,Cotton,1.0480297432467702
1118.5508123945142,45.40042377775459,227,1,1,Sandy,Wheat,6.391542312445875
1201.229172935844,-5.131002303061018,146,1,0,Peaty,Barley,7.786243965864748
835.5450915656644,55.94817260268266,53,1,0,Sandy,Soybean,1.544524274933718
1642.0156270189013,46.85010177902287,157,0,0,Clay,Wheat,3.5643799705878463
648.4225696455228,50.21467695142751,103,1,0,Sandy,Wheat,7.034405234879502
156.79188549493682,46.19544697639247,270,1,0,Clay,Barley,7.719947679913204
572.6742612974236,28.61104574279641,288,1,0,Loam,Soybean,1.3983334711907074
721.3465939417046,0.8188312521755048,38,0,1,Chalky,Barley,1.0496371718624533
1132.9773698187157,20.659725978815338,114,1,1,Chalky,Soybean,1.263758043626587
938.7102071396607,22.581317512070992,77,0,1,Clay,Maize,4.521652631032433
362.38783095165684,-6.633897667641002,291,0,1,Silt,Maize,3.245175619048174
1089.7234808282767,4.778143966067181,201,0,0,Chalky,Cotton,3.647463414826154
426.7532632171358,42.881505976896925,162,0,0,Clay,Soybean,5.9847987175068695
1549.8584313147355,13.05017858697791,296,1,1,Loam,Wheat,2.5622163216040916
378.3957515310181,30.9676215418761,105,1,1,Sandy,Soybean,6.682222752123538
182.35799977279865,35.07983920785575,70,0,1,Loam,Soybean,1.3168237827314273
1028.5287278339713,58.620753765624954,216,1,1,Silt,Barley,9.542959424363172
59.375519426766,46.45673368089225,269,1,0,Silt,Cotton,5.583261805195281
1466.1098368180085,15.594184697081731,186,0,1,Silt,Cotton,7.082063145373743
1938.5856015843106,3.1676538569911514,136,0,1,Chalky,Soybean,7.42826480271314
1474.6938651423366,10.794748868114748,84,0,1,Clay,Barley,9.987209001182087
1153.4523439005623,52.43668423227759,222,0,1,Clay,Rice,8.727725886955993
1953.0342324025746,-6.55875838770023,259,0,1,Sandy,Cotton,2.991062356040772
1244.1066538106224,0.4932431058087161,201,1,0,Chalky,Rice,8.427829047014747
1381.392141933642,50.8408507446727,234,1,1,Loam,Rice,2.4584247802625727
1451.0726990931262,36.220291974320936,38,0,0,Loam,Soybean,3.4936617054943864
97.1981598671905,50.580784823433525,228,1,1,Chalky,Soybean,9.624045807924759
728.9515250378038,16.205639220227713,65,1,1,Silt,Cotton,9.471599435037797
1359.8517611684206,32.62255790850799,216,0,0,Chalky,Soybean,4.029074076156284
1629.4269557476384,0.27871225443041103,127,0,0,Silt,Maize,1.21248013045353
1093.634354616913,12.845995934377667,50,0,1,Loam,Maize,8.514322076370352
1126.6854066884569,26.30415624733482,218,1,1,Silt,Rice,8.42343847136569
908.8837935235141,57.914945243372046,265,1,0,Peaty,Wheat,2.86490073094837
614.3391467802468,54.59736877340173,131,0,0,Silt,Rice,6.626445918742611
497.5463621442342,-2.7574124741721318,141,1,1,Chalky,Soybean,9.671568905207728
1699.6843292646786,17.14020344192659,251,1,1,Clay,Cotton,9.245078798747008
608.1382568107929,-7.473211690400933,196,1,0,Loam,Maize,4.940767894343979
1294.328850738618,51.50646178256271,176,0,0,Silt,Wheat,7.875152895490474
1205.0136819024426,23.807114575709733,135,0,1,Clay,Barley,6.1996455641227275
1603.9581450638775,49.45299724359978,283,1,0,Peaty,Rice,5.099824581639007
1222.9339772828525,31.30094544004191,161,0,0,Silt,Soybean,5.940836295788002
1218.4258699346183,43.57837383875433,158,1,1,Loam,Wheat,7.709148492957152
1651.6431011525485,24.614111854158956,149,0,1,Sandy,Wheat,6.500383487164705
550.7617408095442,48.76279012875007,189,1,1,Sandy,Barley,4.478011646397255
1165.8407058999032,6.913111137180521,155,0,1,Chalky,Cotton,9.884358732771116
645.8886261838712,9.278520663237268,199,1,1,Peaty,Maize,6.724440646831146
731.1559727865668,18.781790035915428,115,0,0,Chalky,Soybean,5.7114221810564265
904.0336647536668,46.51474167068035,237,0,1,Silt,Cotton,8.103152531178491
1736.8957755414588,46.58694945752654,285,0,1,Chalky,Soybean,3.1878639532789697
1762.8584907413372,1.8996533687565587,165,1,1,Sandy,Maize,4.376379291952862
607.0047312521602,-3.4059968374490603,282,1,1,Silt,Wheat,8.324597445286045
1012.3810230862556,40.61605236956492,45,1,0,Loam,Maize,3.9954532532504183
758.5161574464391,-2.2288860977250935,195,0,0,Loam,Wheat,4.293716292072029
558.2166062469112,9.78810575060772,149,1,0,Peaty,Rice,4.170322960485105
614.2917929326777,45.38207502152656,195,1,0,Chalky,Maize,9.635935351291241
1203.519489720408,30.561732409770045,167,1,0,Chalky,Soybean,1.4340781052521825
1010.6818023917303,5.586617468550318,281,0,0,Chalky,Barley,2.615479074303538
1233.6862179743778,22.226160303967426,83,0,1,Sandy,Barley,4.927213291162891
938.1379006959974,29.421906854526096,129,1,1,Silt,Rice,9.66848908538402
1798.1500134646744,46.27539519269612,228,0,1,Peaty,Barley,9.606313428617131
1525.1630242175054,57.33431219431077,295,0,1,Chalky,Wheat,7.588536093146234
1630.916972772427,30.63723801704465,49,1,0,Peaty,Cotton,5.642585824934153
585.5101034446179,-4.757404563867516,100,1,1,Peaty,Wheat,5.926866483306642
1533.4483841242197,59.58158795838545,130,0,0,Silt,Soybean,3.3746204679370533
139.5371461874253,-3.639860812200655,214,0,0,Sandy,Rice,1.5457156150177866
140.68155727059462,-8.91579771971924,188,1,0,Silt,Maize,4.121314619805274
27.185933647605466,0.5250936665485906,41,1,0,Silt,Rice,6.03646523869058
3.4834257222189358,45.41827433900499,116,1,0,Sandy,Soybean,7.199236489224438
812.558145805367,28.056963923839085,62,0,1,Clay,Maize,1.7289947682744429
771.9076828338467,50.634217134704656,243,0,0,Sandy,Wheat,3.7592026594687367
309.4617687546468,29.90915595389974,117,0,0,Loam,Maize,9.242038495532187
303.706218688147,56.622677022431986,185,0,0,Loam,Soybean,6.4751339638923255
1980.8899907797122,-0.041606994402428876,93,1,1,Loam,Wheat,5.964211515335862
1704.7735577078852,18.700061129864007,87,1,1,Peaty,Rice,5.957328712748779
479.0265671866874,57.671678887914396,126,0,1,Peaty,Soybean,5.975004022053591
1787.14878773876,-9.463521987877023,218,0,0,Clay,Rice,2.0676506053021004
1279.6098236254159,4.848137529437112,176,0,0,Chalky,Maize,5.078309963773172
794.8495183229389,5.609166548767951,78,1,0,Sandy,Cotton,4.818300417576694
946.1480172700041,-9.29128042298264,219,1,1,Peaty,Rice,1.631332570099136
1409.3597099688693,34.13988923329017,181,1,0,Chalky,Wheat,3.073461537252201
1785.4988488455347,8.76125082118967,152,1,0,Chalky,Soybean,3.0388582345040462
1511.2395652948778,45.9970456916092,269,0,0,Silt,Rice,1.7290537036307532
157.75525220519881,-2.8250996238501203,210,0,0,Loam,Barley,7.738841597026309
1469.1039427277333,23.540375312853,88,0,1,Chalky,Wheat,7.728407047935792
208.24470066929513,43.10984936656312,60,1,1,Clay,Maize,8.561612404219847
1806.860373183994,-9.66569424867126,180,0,1,Silt,Wheat,7.06964344558232
1054.758495730497,59.44321182400393,238,0,0,Loam,Wheat,9.83139915851547
388.6403911826677,5.331629102155527,212,0,1,Chalky,Cotton,4.133316104015657
903.398622023142,31.700854843014156,61,1,1,Silt,Wheat,6.914362849272851
1733.7782749082912,51.89229474749467,255,0,0,Loam,Wheat,4.999296932994328
1677.2272196019658,-5.699691634391662,163,0,0,Peaty,Cotton,1.3644084974788777
1395.680220488478,46.86611218082777,266,0,1,Loam,Barley,5.076971118609545
1309.596180519686,0.4886671332602399,282,0,0,Clay,Maize,6.548164261724782
1787.798235975652,22.276745266681946,91,0,1,Sandy,Cotton,6.853206585148133
337.18585258502867,58.64354890802873,185,1,1,Silt,Soybean,6.629285229903823
400.21714916691775,48.15255629914609,224,0,0,Sandy,Barley,2.1352387603003082
1225.961797547362,-4.5477057262779175,132,0,0,Chalky,Maize,3.6965576926349897
108.85647385232056,4.7488004365757375,95,1,0,Peaty,Wheat,1.6264942691924371
1397.788221487764,36.86557154827724,82,1,1,Sandy,Soybean,5.131160874692873
883.9814182751942,0.5447472948407872,201,1,0,Silt,Barley,8.62425999248682
1790.1619198993842,40.78713852863017,209,0,0,Sandy,Rice,7.750315526656543
116.38000569433049,-1.6278465216426052,256,0,1,Sandy,Wheat,6.711210487971926
992.9513304233253,47.534144768390334,235,1,1,Clay,Soybean,7.068893716224485
1902.4544146949431,33.72440276799456,86,0,0,Chalky,Barley,9.692048605494884
1792.2540305858672,41.89818902687063,129,1,0,Silt,Wheat,1.6795015901505534
272.0728387528244,6.674929559480283,70,1,0,Clay,Maize,1.3551042268010924
1353.285259689907,53.94109841461321,121,0,0,Silt,Barley,2.4713559471783837
1423.9397082648838,13.3832745039432,126,1,1,Silt,Cotton,9.553343012063747
1073.7796523571703,36.33498485537358,93,0,1,Clay,Maize,8.007313370552524
412.2713927878872,7.586957967059449,285,0,0,Sandy,Cotton,2.5778996316603995
1448.7892624100355,2.7299740719791545,264,1,0,Peaty,Rice,5.583198323799614
1142.780507882527,46.797828351082465,53,1,1,Sandy,Soybean,3.125421518404841
1507.4404468997884,17.36106753209481,134,1,1,Chalky,Cotton,5.889247073502136
760.8216926894555,23.07083819305399,129,0,0,Sandy,Wheat,5.626535702128529
1673.3560439804057,44.821647237018546,163,1,0,Silt,Maize,1.092027048180062
425.01468998447467,12.702724445754331,127,1,0,Silt,Soybean,1.2500466931417962
1105.5241936125449,55.276005037947364,96,1,1,Chalky,Maize,9.247733787813502
1140.4125218882539,-4.9636526053792185,75,0,0,Chalky,Wheat,2.605658108500891
1140.761729112407,27.895647062374366,235,0,1,Peaty,Wheat,1.306069957640307
628.200873584168,12.143955788394829,220,0,1,Chalky,Rice,5.413381996608117
1183.869257254577,55.2166172525497,212,0,0,Peaty,Maize,7.319610713145102
1551.5104824161535,49.78885607194824,97,0,1,Loam,Cotton,4.742180933294862
1625.3703672115237,47.320764110569485,30,1,0,Loam,Maize,9.807532868167163
95.21100465359989,54.122661027430645,107,0,0,Clay,Barley,7.761873256424381
1645.3486105898673,6.102265158551267,206,1,0,Peaty,Soybean,7.820315075084719
629.854154570919,3.272938112627605,232,0,0,Peaty,Wheat,3.9313008519226282
1675.379400576788,41.09360103998608,66,0,0,Clay,Cotton,2.2917924883292833
636.6277156818007,-2.1166884555605114,236,0,1,Peaty,Soybean,1.4875171398214824
1317.5272168119134,6.432517935130817,168,1,1,Loam,Maize,8.004397748725927
1489.4581276234546,-5.187746592856222,41,1,0,Sandy,Wheat,1.341273526151796
930.8129463563035,30.543670069980255,54,1,0,Sandy,Barley,6.80549236531197
733.6555082590899,-2.4201133762478086,296,1,1,Peaty,Rice,2.8816329420499525
987.8174052896234,2.2102799071373633,241,0,1,Clay,Maize,6.8422284775195825
757.6993804969194,-5.672206662981818,163,1,0,Loam,Maize,2.9834104859661856
1209.0705295507616,27.462548820479,106,0,1,Silt,Barley,2.616878943390206
795.3109941468049,38.889581584046375,43,0,0,Clay,Barley,5.940620066404689
768.4250546712559,30.92344075765091,192,0,1,Clay,Cotton,4.337112390090482
443.60435313121195,30.09191416400751,297,1,1,Silt,Soybean,9.103526686429584
1018.2810584812186,-1.6068213575373558,275,1,0,Silt,Barley,2.708636432428736
559.8370352428532,14.742825558887436,263,1,1,Sandy,Soybean,9.685915751572809
221.9350381397902,25.315391083584437,176,1,0,Chalky,Maize,8.454959142272967
700.735304866042,57.92073422907102,177,0,0,Loam,Cotton,8.895194762369236
948.2286513995042,36.59622277586179,133,1,1,Peaty,Cotton,6.26944105613009
1468.3711305735737,-4.512526233255327,53,0,1,Chalky,Soybean,1.6634617145402348
282.063442611332,38.5141528170349,98,0,0,Loam,Rice,3.694095025412084
1232.37129350503,8.103578980028864,221,1,0,Silt,Soybean,9.264111154957206
771.8825034542391,26.68767798287465,160,0,1,Sandy,Cotton,5.146140610428238
1092.4988181683232,49.97901712604318,119,0,0,Peaty,Wheat,6.702609237044629
1877.1435352499764,55.167705438524905,49,1,1,Chalky,Soybean,6.223334237320146
753.283307779862,13.39997413259432,261,0,1,Peaty,Maize,5.134975315458997
1918.4063884103407,52.44505565176165,123,1,1,Clay,Cotton,8.783480213859312
1604.7016997043158,42.307702624170574,223,0,1,Clay,Soybean,8.13976551671066
333.3423176356174,50.016889105026074,143,0,0,Chalky,Soybean,5.814234327699403
1157.014078085789,21.72005643302024,165,1,1,Sandy,Cotton,9.95540209093569
1863.260535420841,-8.822641777463122,172,1,1,Chalky,Barley,1.443789801020261
1826.2183946926625,11.871916998640046,45,0,1,Chalky,Soybean,4.6304253674319815
1310.3494427843784,33.601964097117005,104,0,0,Peaty,Maize,1.796448879730255
1143.640432593799,58.0991886884362,205,0,1,Loam,Maize,7.915841739602438
387.67070702796127,18.682661943232613,121,1,0,Loam,Barley,3.6099213552420855
1533.8726378779152,36.625736311357784,205,0,1,Peaty,Barley,1.1278072852294456
457.95455297092167,6.0134080472438844,106,1,1,Peaty,Cotton,5.3726421245220815
1472.3329167490554,58.250864004499014,70,0,1,Loam,Barley,2.8624491148842104
1174.1106353299126,13.563765578495083,96,1,0,Sandy,Soybean,5.470643961174403
1013.0564763783693,55.860858027721385,209,1,0,Silt,Barley,3.6445564546010396
847.2401723303605,24.099385133642667,250,1,0,Clay,Wheat,8.047605921018679
1781.2760702202743,43.414673738514196,138,1,1,Sandy,Cotton,9.714058958398265
32.53842186695444,20.222100412307586,248,1,0,Silt,Cotton,6.032850081193845
480.77256633485786,9.114137059572412,259,0,1,Sandy,Rice,7.987663586334422
937.339524225601,35.3346075495679,236,1,1,Clay,Soybean,7.90120167909153
1358.9805518083629,-0.15890684623187545,290,0,1,Loam,Cotton,9.642512681466208
1802.465518172795,29.34691423964059,63,1,0,Silt,Rice,4.283028938558635
1659.0895513812761,26.166164195683848,292,0,0,Sandy,Soybean,4.292938299179041
1667.0032997686915,23.718707324202192,185,0,1,Clay,Barley,2.012032709369635
1599.0624440196625,10.372938567628722,71,0,0,Sandy,Wheat,5.817045558831799
1543.92199034167,-7.166536779132745,33,0,1,Silt,Maize,9.932174196113685
99.69273048654226,36.74968774736256,271,0,1,Loam,Soybean,1.78652420128962
95.779911214118,41.71448478534906,157,1,1,Chalky,Barley,8.648600005595409
511.4068892600097,55.562999878755186,158,1,1,Peaty,Maize,2.493422154760118
1621.9525798833533,52.82784930460898,278,0,0,Peaty,Wheat,9.234068986604253
1032.9852384773687,13.135775492557853,109,0,1,Sandy,Cotton,7.170724392463169
23.39466716796057,55.57599058134899,99,0,1,Silt,Wheat,5.232503355679304
1655.4192336025442,27.822600538128828,238,1,0,Sandy,Rice,4.770959582565249
237.0803467786855,5.903542217741461,242,1,1,Loam,Cotton,4.805637290527585
1671.571282603146,47.054940005403765,237,0,1,Clay,Maize,4.182678620916465
105.07319549511895,14.811886707001342,79,0,0,Loam,Maize,6.1095372761369795
896.0969427971288,29.225640717183104,204,0,0,Chalky,Maize,8.124872777813186
863.2942682404167,57.40383091359096,276,1,1,Loam,Maize,2.4973198176395823
913.5529785429724,7.768415432511352,209,0,1,Peaty,Wheat,3.8663220432456127
760.8442250184276,58.72820676326488,161,1,1,Clay,Wheat,5.640493770201504
1479.5604048361545,23.89394860584744,134,1,0,Peaty,Barley,6.847096147578227
1823.840063827372,35.84520658816832,211,0,1,Chalky,Soybean,6.12541679436305
146.45365458782368,13.658279488584794,157,0,0,Loam,Wheat,8.037604416392329
1719.5577363793195,40.994253258622315,250,1,1,Chalky,Soybean,3.2487834128440043
163.93361148609253,38.28052929024676,168,1,1,Clay,Barley,3.202245204614968
1785.0884588195124,38.20642501776293,283,1,0,Chalky,Wheat,9.282444961187847
1594.0968183219097,15.673833378264412,135,0,0,Peaty,Wheat,8.170235646664873
583.3092665162029,52.14063181125514,257,1,0,Chalky,Soybean,9.419688529004459
632.5116190339111,34.35908441016235,185,0,1,Chalky,Cotton,1.3399269430335048
1551.137648315043,37.50596148909749,260,1,0,Chalky,Soybean,4.655599532231517
45.88183033410842,0.48888717138584115,268,1,0,Chalky,Maize,4.387555429766018
1251.8925397320004,-5.343734662845318,238,0,0,Silt,Maize,4.426475242436665
540.3486589965936,33.7822257693976,115,0,0,Clay,Maize,7.391070525576384
1351.4836902109516,57.22698022523814,83,0,0,Chalky,Rice,8.15297757654067
1051.0125551946262,12.777222532065744,34,1,1,Loam,Rice,8.030020910695098
1574.2762851268615,7.950505751530747,187,1,0,Loam,Rice,2.444300565292814
858.1480128194552,14.000989733853865,235,1,0,Sandy,Cotton,5.833248424539018
739.463311767173,47.48408757762007,71,1,1,Clay,Wheat,9.350372955157432
1777.770697824791,-6.917392040726752,213,1,1,Chalky,Barley,3.2952336923210996
1586.9655388050542,48.9959066873762,223,1,0,Loam,Cotton,5.609256689160104
955.0708432627764,-6.429932338038618,273,0,1,Clay,Barley,8.407990387390967
421.8260766345885,35.863596864080456,156,1,1,Silt,Barley,4.746200505248046
430.451068352405,49.77096163132571,121,0,1,Sandy,Barley,1.3751045372704995
985.670645677611,-3.229135486674358,210,0,1,Silt,Wheat,3.1148905404232514
312.2151259275534,11.49899314464939,227,1,0,Silt,Soybean,9.943293329528718
929.4822293567863,31.2813110130447,257,0,1,Clay,Rice,6.202345475103289
650.9247300107635,-3.914287505326212,262,1,0,Chalky,Maize,5.792086078053768
1290.0380782776142,8.958224260964133,187,1,1,Loam,Soybean,6.958502168378781
1549.1692087367862,1.3736068901059295,242,0,0,Chalky,Maize,6.855331091395535
1697.8351817253156,3.8369264140105965,250,1,1,Sandy,Cotton,4.12181887055923
816.9953131946835,40.004578694498655,65,1,0,Clay,Cotton,4.49712531929137
1239.364658795262,46.289331951490375,186,1,1,Sandy,Barley,7.631458110771884
1843.5643658267306,54.37388570464505,59,1,1,Sandy,Wheat,7.517557800679855
1492.1453960955696,51.077680012944555,277,0,1,Silt,Cotton,4.491974469128875
1236.5919537667826,2.1546214885612933,135,1,1,Silt,Cotton,3.8697409072162494
1025.284336239977,33.09556961593697,206,1,0,Chalky,Rice,8.19973347488403
355.5366671489111,3.5922944369176113,249,0,1,Loam,Wheat,6.720669754268947
437.28308042678196,-4.481692564764561,63,1,0,Chalky,Rice,4.160001454010848
753.1207266744584,47.77040130418329,231,1,1,Sandy,Wheat,2.5439162987395676
579.8067864073246,36.36303865626031,220,1,0,Loam,Maize,5.0248764588661485
1380.0515371054466,22.88112246525579,166,0,1,Peaty,Rice,8.902224472731493
554.8444704753903,10.661714751960048,67,1,1,Silt,Wheat,4.477505302635788
655.1059276032962,53.33291601406281,278,0,0,Clay,Maize,8.11060050207054
1075.8678219149706,-3.6330785384194844,109,0,1,Chalky,Soybean,8.694960824211936
1900.4516732988052,47.906532543361436,60,0,0,Sandy,Wheat,4.252015237495241
775.2719121249063,5.516391546956396,284,0,0,Peaty,Maize,7.943231008159721
498.7680068536371,-9.376663888479408,242,0,0,Loam,Barley,7.287052113145964
196.76264264152542,15.157788536662,130,0,0,Sandy,Cotton,3.9349929834809316
1856.8334965907143,27.71686119114199,239,0,0,Clay,Soybean,9.552779739647326
589.197286102336,35.02218947729097,257,0,0,Sandy,Soybean,4.06498759701718
310.3116533065737,29.24877571432766,44,1,0,Peaty,Wheat,4.464814110931985
1322.8751491967578,-7.525455033458748,185,0,0,Silt,Rice,6.872153220847238
1863.7438489884705,-3.241425227657928,208,0,1,Chalky,Maize,7.924217352443229
1209.5589108034258,46.70580574928647,179,0,0,Chalky,Rice,3.3929077890496733
513.2473073525632,15.646553561645344,284,0,1,Chalky,Wheat,4.154624595786816
693.564317137644,49.24664029746372,188,0,0,Sandy,Barley,2.931708463033208
110.23352010281174,14.713706666160084,213,0,1,Sandy,Maize,5.268128649532336
1153.7554385613166,10.594796420632338,126,0,1,Chalky,Wheat,9.374683403175494
1036.6467995699775,10.7923438270315,57,1,1,Chalky,Maize,5.699817496628662
221.7662515753127,-3.920862568841935,128,0,1,Peaty,Wheat,6.071666851189435
800.5676092808318,20.75858908518082,72,1,1,Chalky,Wheat,8.778906350818763
1493.9485277910026,48.10282775271246,38,1,1,Silt,Cotton,9.5050740340819
1621.0045253421713,6.792475566040302,166,1,0,Clay,Maize,3.6280712409500304
217.3608884105498,14.09121352241186,169,1,0,Peaty,Rice,4.778547502697786
284.4629230737907,12.015891849663296,99,1,0,Sandy,Barley,6.82060241962324
768.714330845306,29.22762339667254,182,1,1,Clay,Barley,5.076710956526216
1193.039261685188,42.196903061548824,140,0,1,Loam,Rice,2.721466469265123
490.698868154285,6.5041606912044125,296,1,1,Clay,Barley,5.076899442140899
834.3892568962748,49.764443457755824,141,1,0,Clay,Soybean,6.076479399265061
1420.2840896127527,43.71974924962012,84,1,1,Chalky,Barley,2.4176378654822352
237.91672821520172,-2.809443753905544,246,1,1,Clay,Cotton,4.1652730832461025
283.8902019616423,26.063787907893385,58,1,0,Chalky,Rice,8.744423727898273
97.6289522816689,-8.987103352236755,69,1,1,Clay,Soybean,6.113547881143449
598.348169242017,5.641612912579066,49,0,0,Loam,Cotton,2.51203802576758
1930.6353175650993,35.195433550411956,293,0,1,Peaty,Soybean,7.622288811678324
1126.2750413208846,19.307920758638662,55,1,0,Chalky,Soybean,1.9861962590537452
964.6009059358225,30.54702258366372,249,0,0,Sandy,Soybean,4.871068250863117
14.2877652892901,13.183089050758065,106,1,1,Silt,Rice,7.010652279666841
1228.4866536682825,29.862671904102633,134,1,0,Peaty,Soybean,6.491432286919615
177.83373171403173,47.377910727629406,131,0,0,Sandy,Soybean,1.141449415044947
1810.4658873795497,17.287516220398814,84,1,0,Chalky,Rice,8.956175506565085
1074.354730544803,-3.4494801715964094,40,1,1,Sandy,Maize,2.383825129498519
556.9913872209816,7.139911031474677,108,0,1,Loam,Wheat,2.447231870265676
75.49767578605726,18.872045118056704,33,0,1,Sandy,Barley,6.993475228188267
1855.8137312373794,7.697441772394969,241,1,0,Loam,Rice,1.855011704484845
1626.0955356456416,-5.868235179353558,178,1,0,Chalky,Maize,3.522057530948264
1701.379160224613,-4.49414702077831,74,0,1,Loam,Cotton,5.319204786023436
454.3016182944388,40.54396913097329,98,1,0,Peaty,Cotton,6.264293222314204
419.64450896801895,38.57738619555889,121,1,0,Clay,Maize,9.095514925548143
1859.041970273457,36.54429794079596,249,1,1,Clay,Cotton,5.5075568849761245
596.6247018915439,6.135798961853651,146,1,0,Loam,Rice,6.444320115306654
67.15757605869332,57.19080691951586,34,0,0,Sandy,Wheat,1.3236985026074704
1531.7900944085202,30.944769744406603,217,1,0,Loam,Rice,7.902434541462691
878.4068236294609,10.71700910967869,135,0,0,Sandy,Cotton,9.372554825067347
1676.0393303471328,6.877410158410631,280,1,1,Sandy,Wheat,8.383010018739382
929.0886389083335,48.70266482989828,261,0,0,Clay,Maize,7.902359782864697
333.6615242663339,50.8923066734099,36,1,0,Peaty,Maize,5.622012289853364
1026.119054720073,10.400936595623469,291,1,0,Peaty,Maize,1.008066459743411
785.8863614470972,11.821428342811439,246,0,0,Chalky,Cotton,1.7308253395844293
708.1225912591418,26.68022939184264,238,1,1,Sandy,Wheat,6.632633804372265
1558.454207983158,48.378080931805336,266,1,0,Sandy,Maize,2.9840882827134436
1437.6324700702266,43.805861617111375,67,0,1,Clay,Barley,6.685962071456136
841.9085914785944,32.2348020220541,84,1,0,Peaty,Rice,5.501807946677178
947.7665282388637,11.205952807549789,156,1,1,Peaty,Rice,1.4580775255196676
1139.01286913852,7.219565644095756,189,0,1,Peaty,Barley,3.6949352870864267
411.9076626718716,21.50060119073972,92,1,0,Loam,Wheat,9.952809800736746
44.387649150295694,-8.195139109383888,186,0,0,Chalky,Soybean,8.827716856399162
1552.8171790330312,52.408814584665095,151,0,1,Peaty,Rice,4.129401310531356
305.7357689752567,51.03173626439995,284,1,0,Silt,Rice,3.2752122474828793
1167.9856330767793,15.643869718967341,288,1,0,Clay,Maize,4.93337387150972
734.9548793212361,37.622406556705705,147,0,1,Peaty,Soybean,6.439835298154896
1195.3620185774357,21.48634391359759,82,0,1,Chalky,Soybean,4.67119554737973
1464.7113580318978,7.613825401686816,240,0,1,Loam,Maize,7.621835153798522
11.347011576769539,39.51350907264951,168,1,1,Peaty,Rice,9.231427685472454
1601.5584804109671,35.18354767868438,296,1,0,Loam,Maize,7.88325559575392
1303.8030936783844,30.28805564222963,68,0,0,Peaty,Barley,7.806889936101454
283.9759392077725,36.796465516857495,137,1,0,Loam,Barley,9.963622686294084
1016.4921349111669,-8.037851256955,117,1,0,Loam,Soybean,1.7679247560774276
205.39956591401244,14.678055674785588,104,1,0,Peaty,Rice,4.01036053067271
1612.9177885344068,-0.981299133854997,80,1,0,Chalky,Barley,7.0634290455706825
183.148300016865,15.939403659951543,172,1,0,Sandy,Wheat,5.091091578452781
1335.7466044826997,53.16830576055911,217,1,1,Peaty,Rice,2.981790925706399
1017.5730468042045,-1.198007084404955,266,1,1,Sandy,Rice,2.736891309040555
987.8077593292604,37.96267137223888,81,0,0,Loam,Soybean,3.6042758347866055
621.4336325163642,19.723248182460146,192,0,0,Chalky,Cotton,7.523835705974684
449.5850746751335,10.47739337030065,277,1,0,Loam,Soybean,4.421792819681741
928.6840649728136,47.36549015257128,247,0,1,Clay,Cotton,6.044040054506107
1082.3125360535432,-6.723542289938276,98,0,1,Chalky,Maize,8.952196853586432
1868.8014958481588,57.673759880018295,49,1,1,Chalky,Rice,9.25428523832073
1167.4443041868935,26.042957615896754,91,1,0,Silt,Soybean,2.219377596227226
690.9814874810452,35.32061824098756,234,0,1,Sandy,Wheat,8.81646583020548
1285.7374722963004,56.81016049371536,283,1,1,Chalky,Wheat,9.890346199522677
1151.7586352858546,39.13833631421357,264,0,1,Clay,Rice,6.445226754770637
1831.8237349240774,-4.385672294424094,232,0,0,Clay,Maize,6.400285617165066
706.2114357842288,42.34512840008568,149,1,1,Sandy,Barley,4.236707189041071
1698.266071182675,4.336725478198255,236,0,0,Silt,Soybean,1.6233319351266409
1099.165917819508,39.020401573698976,194,0,1,Clay,Barley,4.155394875167538
886.9505825656896,12.36924375118536,47,1,0,Sandy,Rice,6.823739636061173
704.223730030428,59.51557318936806,202,0,0,Clay,Barley,8.836610620134307
369.2533383544958,59.35606380825903,221,1,0,Peaty,Maize,8.078383604867017
898.0042094539158,12.893086824068615,135,0,1,Loam,Barley,2.2057943722453324
92.25477813993544,45.868760241903985,253,1,0,Sandy,Wheat,5.610597812845018
1396.651488695728,40.534899053438316,50,1,0,Loam,Wheat,5.205060507021776
1891.1510680391077,4.246363484436076,160,1,1,Silt,Barley,1.337027402759552
308.5569679947091,2.2596047391748963,81,0,1,Chalky,Wheat,7.886277265671865
468.1292237934793,18.009946075798876,60,0,1,Silt,Soybean,4.758223673887618
424.7626290044744,47.25781944565981,62,1,0,Peaty,Maize,2.3120500934190087
1073.1163482234485,3.5608577271871167,243,0,1,Sandy,Wheat,6.031332349446399
227.62011388723957,42.99747099469557,234,1,1,Peaty,Barley,2.043813804829796
1587.3632244967062,38.267730585317885,75,1,1,Chalky,Barley,9.092359274133385
1316.2523241185652,37.275283894943016,82,1,0,Peaty,Rice,6.56333625397062
607.1331201441245,19.20726271579668,68,1,1,Peaty,Barley,2.585440596111587
472.8458970856959,9.023263615056916,132,0,0,Loam,Barley,3.847266856503599
1924.7527789059575,50.008789339879094,113,1,0,Chalky,Wheat,8.973445619874267
323.49293110152223,26.875547646954047,83,0,1,Clay,Cotton,4.728734762141665
344.91455913378167,46.43371090193865,126,1,1,Silt,Rice,1.6936823483714183
1658.7477773968865,49.04164129940009,94,1,0,Silt,Barley,8.929929277675942
1345.6910327638666,32.06008637543538,206,0,1,Peaty,Rice,3.84646783008223
469.2431657025573,52.15830011342686,149,1,1,Silt,Rice,9.647070265676353
454.1137647754345,26.744078458054155,110,0,0,Silt,Barley,6.731864615979602
524.6296079676081,-8.201684470113783,180,1,1,Loam,Cotton,4.9078935465634
1743.8942377920416,8.388202648774197,157,1,1,Loam,Wheat,5.3502154931184
698.833020349751,7.988426154698596,215,1,1,Loam,Wheat,3.465830784848466
822.5651968996266,-4.863096665724058,137,0,1,Clay,Soybean,9.236245054562284
951.5239684045558,47.753775911861794,268,0,0,Chalky,Soybean,6.598896987668858
927.0601935593216,18.586525867716166,65,1,1,Sandy,Wheat,5.994836466483964
1076.2820996745706,35.414360776224434,221,0,0,Peaty,Cotton,7.57637231754744
1497.4366809487558,27.134287832152815,178,1,0,Peaty,Soybean,9.588422711696685
472.95906416854973,24.002494369989368,32,1,0,Silt,Maize,7.465440051416255
1437.8725038073464,12.49190896907412,211,0,1,Sandy,Barley,5.096929430536551
1956.460145746605,18.144952004934233,101,0,1,Clay,Rice,6.630902804017746
295.0378467272408,9.626933560531374,42,0,1,Peaty,Rice,5.428717953254529
1441.1375608202725,-4.589823219788492,270,0,0,Clay,Soybean,8.991733108791356
1328.9199526185237,40.81151733682167,132,0,0,Silt,Soybean,8.965686667704148
962.2944753689469,6.644093167683542,133,0,1,Loam,Cotton,7.184793218822634
221.64103741360552,25.750311098588345,156,1,0,Silt,Cotton,9.736692856796388
1003.9888944586129,41.08735178610659,42,1,1,Sandy,Wheat,2.4723259086900216
311.27493017437627,35.648580604784,285,0,0,Chalky,Wheat,1.4002680949140793
1342.9533482475317,7.3246147700076225,86,1,1,Loam,Soybean,8.35119629434137
1056.702752063011,19.570605029220086,145,0,1,Clay,Rice,4.327216748552742
1209.994588070411,23.270587439094214,250,1,0,Chalky,Soybean,9.269618313654531
1098.5833330308722,45.86611091480922,220,0,0,Peaty,Cotton,1.0446922819945723
1478.093125998544,23.72025136333856,183,0,0,Clay,Maize,5.61691021798601
754.9294856570413,5.880329084493818,113,0,0,Sandy,Barley,9.9590442951152
311.0414153962846,7.172765748630051,251,0,1,Clay,Rice,1.3166864560995784
360.99759822905077,6.1295978909658375,288,0,1,Sandy,Soybean,2.672911289872984
553.4039923458116,51.99947362215321,254,0,0,Sandy,Maize,9.54620741901627
1539.3048071605028,10.31964267116128,59,1,1,Chalky,Wheat,6.733977468717439
534.5194233433753,0.29864522131039517,277,0,1,Clay,Wheat,8.141781866307921
214.62238963347912,41.45892254439708,200,0,1,Loam,Rice,4.926715909691728
962.6485230879929,19.828527355973335,56,1,0,Loam,Soybean,2.7148364916949905
52.18472859888723,8.334037540242274,254,1,0,Loam,Soybean,4.014011351217261
629.4682839608649,-9.794854582287075,106,0,1,Peaty,Soybean,2.7919743135946202
1845.3906111578483,28.267903365104818,244,0,0,Chalky,Soybean,7.771954340960849
1081.3065609023724,17.487821156095002,47,0,0,Loam,Cotton,9.333448660574101
1505.6702914719187,11.494773187159153,73,1,1,Clay,Maize,2.7336357837000493
1065.7860804462398,33.644631768461224,183,0,0,Chalky,Maize,8.265133132796269
674.4892727004697,15.603672435007462,100,1,1,Loam,Rice,1.476754641715091
920.299179123883,22.552098997689946,113,0,0,Clay,Rice,5.0079671582300405
357.1829921522407,24.808855042098724,242,0,0,Clay,Barley,8.918423048528398
439.30346081103824,1.5914002584940723,113,1,1,Sandy,Rice,6.572606689301034
617.6100080316007,15.910854038577524,148,1,1,Clay,Wheat,8.455564440313214
1108.9942455930075,54.04643922640817,239,1,0,Chalky,Wheat,3.898130301180589
1372.657311700747,17.478039005286472,218,1,1,Sandy,Rice,9.944416848583215
1075.9460094253548,32.3626643937387,94,1,1,Chalky,Rice,1.4672546266952284
216.11612794832257,1.4858042740250854,265,1,1,Clay,Soybean,6.325968540917142
1859.151618985351,27.90813238021316,201,0,1,Sandy,Maize,3.424616586890134
1835.596414488639,20.148871844235302,172,1,1,Peaty,Rice,3.7810692590574138
1447.958560631295,38.33499985541951,178,0,0,Chalky,Cotton,7.245512514419196
1610.0210675431956,23.771844798986884,128,1,1,Silt,Wheat,4.22974348256931
1261.8558261279825,51.70052294440102,283,0,1,Chalky,Barley,4.6169662851626265
1675.1306741306084,51.31327622740908,187,0,0,Sandy,Soybean,9.315813495349971
1505.159056187355,14.028471454547436,299,0,0,Loam,Cotton,5.134699155029086
391.64114372299406,20.268889897774212,47,0,0,Sandy,Maize,2.586548336461591
1258.6554228258547,46.812706070706476,183,1,0,Chalky,Soybean,9.201021249692309
1562.0093204155062,-4.20109355603781,214,1,0,Silt,Maize,3.6332281603907655
412.0555529767509,33.84191853755442,162,1,1,Silt,Wheat,3.742908537796857
1648.9593557823766,53.49683271159447,76,1,1,Chalky,Maize,7.876662357063162
2.4946822464269047,52.690693729317374,222,0,0,Peaty,Cotton,7.917193809575188
258.0935239385784,15.834803500453992,130,0,1,Loam,Wheat,8.641615707277412
174.0290678956835,29.806250202371306,262,1,0,Silt,Cotton,6.0408131484745
1251.3393639256142,45.50948100943187,259,0,0,Clay,Cotton,9.914505247648728
1826.0303637464037,24.933627061538004,54,1,1,Silt,Barley,1.8964516904028121
1390.4760258695385,23.332325494149963,201,0,1,Silt,Soybean,1.0788856998758414
1595.529907178573,58.356368748961906,78,0,0,Peaty,Cotton,6.567845446071814
1310.8774748340277,26.02301941520368,118,0,0,Sandy,Cotton,9.190172456704689
360.6811011065949,59.422400916680914,101,0,0,Chalky,Soybean,5.909795247954403
1018.9903008991588,41.396000950931835,209,1,1,Silt,Maize,2.903458842811563
527.0603817826145,19.573118429817004,182,0,1,Chalky,Barley,7.38752114203676
1624.6077434557253,20.291131171374445,239,1,0,Chalky,Maize,9.98334015559557
1522.9999125527956,20.41235632079138,67,1,0,Clay,Cotton,2.4140394383682517
384.1986505230586,37.35535453233881,147,1,1,Peaty,Rice,4.463365145554301
1639.033563357237,17.74198655394588,85,0,0,Clay,Barley,1.119209745538051
1100.9775278469706,50.48079914745118,42,1,0,Clay,Barley,4.34476210473245
100.88958382116874,52.32877712988166,177,0,1,Peaty,Cotton,3.0773761669394424
103.26860422258189,-2.3927551435564487,146,1,0,Loam,Wheat,1.756890044846792
308.6732862311723,52.95614111578656,106,1,0,Clay,Soybean,5.341663955973392
607.8005265031776,44.46076153610159,74,1,1,Chalky,Cotton,3.806053676555006
589.1771044973389,-0.7901202170878674,94,1,0,Clay,Rice,5.434893502086288
1470.565596436684,21.596963567458268,268,0,0,Silt,Wheat,3.936995268075373
511.3373421052023,43.08146704861909,59,1,0,Sandy,Wheat,4.143274552614912
1050.406525698987,-8.78786424118197,269,1,1,Silt,Wheat,6.659150631242886
398.8249071418488,40.5734092561531,291,1,0,Sandy,Rice,7.188744964978292
700.2648446743716,51.048916383518815,213,1,1,Chalky,Cotton,9.987878206966569
992.4009316873165,51.3468013368952,222,1,1,Peaty,Rice,9.941907095928421
1840.3079527034122,59.62106618887018,162,0,0,Clay,Rice,9.304961379793799
996.611313521123,53.04933971978875,155,0,0,Chalky,Rice,1.0434062220456362
528.8807007513734,26.291271522103116,291,0,0,Silt,Cotton,1.776535173887043
1185.5764848920337,-9.047391383796262,208,1,1,Silt,Wheat,3.968740389517088
1552.704226842527,38.21701037562068,154,1,0,Peaty,Soybean,7.358388919478082
1790.5183725793777,6.313753375381184,68,1,1,Sandy,Rice,3.612335805181557
1049.6961207036834,36.74448837219866,42,1,1,Silt,Wheat,9.27497624381173
1826.7884973439388,42.39868814935646,166,0,1,Clay,Rice,3.6933774026340958
1380.422615131575,39.00956081103745,36,1,0,Sandy,Cotton,7.174705936530894
573.8131049791247,12.068084311917916,83,1,0,Clay,Soybean,6.583470140387515
515.9484987942097,49.91284958768982,242,1,1,Silt,Rice,6.101874025795329
1012.0348562549082,33.464127562328706,149,0,1,Loam,Cotton,2.0662117397689173
1956.8257071751118,56.952331615304985,50,0,1,Clay,Wheat,5.353054984733496
544.7741814975046,37.12306396974647,291,0,0,Chalky,Rice,4.983198751109064
1749.9516441009953,35.736469451656475,282,1,1,Sandy,Cotton,2.530576841120382
1861.8366966530898,-3.781446955233243,259,1,0,Peaty,Cotton,5.850698588013702
856.0937066588092,44.36370874025613,235,0,1,Chalky,Soybean,9.536257737522956
737.9591598311926,12.892407796626081,235,0,1,Sandy,Cotton,8.460582953787005
874.1030212353331,3.4942267776744487,123,1,0,Peaty,Maize,4.443124866583255
1329.4623288319776,23.68094684045133,161,1,1,Clay,Barley,5.124811499284662
1810.84066813166,-4.157540387600488,162,1,0,Sandy,Maize,8.599172008569612
153.2433774876163,51.76262867564059,265,0,0,Loam,Barley,1.1235901946651534
390.4690352515101,38.827076368380894,146,1,0,Sandy,Cotton,7.318423521845874
1273.8613773883471,14.93349900642704,241,1,0,Clay,Barley,3.202548708937549
868.0891045097615,25.838964626605893,159,1,1,Loam,Barley,3.9776229977840507
1641.3356127315767,58.01449442931146,34,0,1,Clay,Maize,1.31333623326048
1134.6534402866996,55.97721739588135,292,0,0,Peaty,Wheat,2.884040045302006
87.37830581352335,36.18286352727823,74,1,0,Clay,Rice,2.0400383045922656
698.5079079755527,41.33613342554065,235,0,1,Loam,Cotton,3.900762202812799
1015.5301617718721,39.5208263248978,64,0,0,Clay,Cotton,2.961709365573907
147.21175606317604,19.261194928506093,272,0,0,Silt,Wheat,4.825925660367035
590.1240094538114,28.291752215098462,293,1,0,Silt,Maize,7.066874659941936
1552.825620677756,36.94171047068917,291,0,1,Loam,Wheat,4.915863740811228
1730.4715280777332,30.472486661942543,273,0,0,Peaty,Cotton,1.8563614949512655
1635.6184325515273,59.09286010541913,208,0,1,Sandy,Cotton,1.2775868297941162
846.5309007926369,2.188518355971234,164,0,0,Sandy,Maize,3.7760532601619494
1591.8420858828354,26.820612949677905,64,0,0,Sandy,Rice,6.256962138296563
1784.4738032373268,53.104625295104604,271,1,1,Chalky,Rice,4.989663010897233
825.2749100297406,55.35647824125688,116,0,1,Peaty,Maize,1.2477770335405576
474.7348044000683,39.07602083074823,262,1,1,Clay,Barley,3.022851178362944
1863.245008978193,49.5739974759048,234,0,1,Peaty,Soybean,6.911717687213235
1459.4746423404624,-9.377805548488409,282,1,1,Sandy,Rice,5.666065495030501
652.1171497139761,17.611582861758095,100,0,1,Sandy,Cotton,5.889279290285639
49.02666865796146,0.7710753181107777,295,0,1,Peaty,Soybean,6.43828414476685
262.19446538294557,55.206061474842436,233,1,1,Loam,Barley,5.648217041279858
1894.9545620756398,10.83843548166431,161,0,1,Sandy,Barley,8.95638884061919
938.7080285710819,9.669757985748399,59,1,1,Silt,Cotton,3.5461364010489183
1118.9904896045643,12.9274593287441,49,1,0,Clay,Cotton,8.704587371470387
803.5905775692494,-8.20685210049618,85,1,1,Loam,Soybean,2.874581678580295
832.9899184303457,9.01837157163227,295,0,0,Sandy,Wheat,1.7864390832214712
376.3447372729316,1.933092803898503,102,1,1,Peaty,Rice,3.82666303213145
536.3529040611216,12.035168368452467,243,0,1,Silt,Wheat,4.423794548991328
1473.5096876016612,42.24302685136366,108,0,1,Sandy,Soybean,8.404776244603493
92.87455850427074,55.1221011767523,34,0,0,Loam,Cotton,4.442408345103643
25.734507909709325,32.46429458175675,143,1,1,Peaty,Barley,1.1244243488112788
1900.0373716511754,44.38641304930582,155,0,1,Clay,Wheat,6.057894270078731
1191.700890432253,18.751848978974845,33,0,0,Chalky,Maize,4.779614533267473
748.0287185546415,14.676963984104455,251,1,0,Chalky,Cotton,1.8286599232683671
61.36386687446094,8.722588242782965,126,0,0,Clay,Maize,1.467005305441511
146.6711037684867,5.370204106188636,140,1,1,Peaty,Maize,3.049143085723245
665.3054626474433,40.755186754219224,298,1,0,Sandy,Soybean,1.253269754337722
1148.4552259575312,17.581972587150194,95,1,0,Sandy,Soybean,2.2122312940592797
545.0846300028691,-2.2035133237552262,126,1,0,Sandy,Rice,1.5123527104497778
419.48344205005395,11.54435895920457,71,1,1,Clay,Cotton,8.020028355102793
1870.0747801455987,30.678048281615876,224,1,1,Silt,Soybean,6.622053812095736
678.6465617095461,34.05947216200069,273,0,0,Loam,Cotton,6.965624156520595
977.1075796534047,7.861316535849249,186,0,0,Silt,Maize,3.3892194896211345
1387.2308603540023,52.625099438918866,256,0,0,Chalky,Wheat,6.082202709580636
374.5450720527299,-4.135806993489598,273,1,0,Loam,Wheat,6.4213036788029925
1487.5256431530593,-0.8160326837966869,169,0,0,Silt,Rice,9.106989946336734
1300.6652559729378,11.581557264061907,258,1,1,Sandy,Wheat,6.758462763654535
669.4637704031228,9.659937932150903,144,1,1,Silt,Maize,3.173248307255835
1826.4176136840915,8.976333191922995,121,0,0,Peaty,Soybean,7.173923149948876
627.0404692212477,-2.739916571470756,218,1,1,Loam,Maize,8.419387725178431
374.51421287944476,32.65834322449175,219,0,0,Clay,Soybean,8.571141168987372
1949.7108267243798,45.15400312167564,60,0,1,Clay,Wheat,2.9161162624752954
1680.016390488785,39.47159420199,177,0,1,Clay,Wheat,7.580321357015381
647.1485583605672,0.34584939099246204,202,0,1,Chalky,Barley,8.068909554881708
1961.9622674698728,38.23913383601044,284,0,0,Clay,Barley,2.97450506596007
1357.3870469382193,0.4337376290087902,101,0,0,Peaty,Maize,9.028034089325496
156.9306657856009,9.424888663889314,172,0,0,Silt,Wheat,1.5390346665176833
296.0799284770459,44.01282993204014,229,1,1,Clay,Barley,3.7407821817283615
1711.1314508550238,-4.435664832436731,209,0,1,Chalky,Soybean,4.089287319759303
1727.1925498070098,-5.652176412856932,86,0,1,Loam,Wheat,3.984453164170107
107.67043189172342,-6.44199408068104,64,1,1,Chalky,Barley,9.978451947406358
1002.8715892091244,16.048278125139117,79,1,0,Silt,Soybean,4.525106606214395
49.830736748249564,-8.999398680219237,256,0,0,Loam,Soybean,7.426599604029552
601.4982623027843,49.50228094709783,160,0,0,Clay,Soybean,4.689590488573796
1046.8329393154681,-8.862761435975345,260,1,0,Chalky,Wheat,5.4092134633997455
167.69217903237043,39.625587893816785,92,1,0,Sandy,Wheat,4.108279979227426
184.05593662837828,23.126971600843675,112,1,1,Chalky,Soybean,9.313478515908487
670.9746756940146,54.718131010473684,299,0,1,Loam,Cotton,3.506973074160271
451.7500230168154,-1.5720413553368662,61,0,1,Loam,Maize,2.736180256536966
497.71182953695734,-2.020629598107768,246,0,0,Silt,Barley,8.155583911982442
1505.5245749189348,29.75855259707339,217,0,0,Peaty,Barley,8.58928560506734
1878.4290408967604,29.817901387061344,216,1,1,Peaty,Maize,7.697710742896867
618.1480107421588,35.82808288453733,262,0,0,Loam,Barley,3.8596288530058973
823.53169386045,48.41482983037744,178,0,0,Chalky,Maize,2.426473295570487
614.992641723471,22.03329654238648,153,0,1,Loam,Maize,7.066825687142111
1459.5783708001975,15.110645951608934,82,1,1,Sandy,Barley,5.5529526189157625
1600.1420634391977,51.92827174230054,298,0,0,Silt,Cotton,6.740689094079659
1641.5383244723946,-3.5484552096460478,159,0,1,Peaty,Maize,1.1430952852504175
130.35351690156816,32.753957367602965,198,0,1,Peaty,Maize,2.1328755303597258
1672.8178983364871,-4.754749390744947,230,0,1,Peaty,Cotton,4.26345813945315
1391.9893730216252,8.315479512841225,41,1,0,Loam,Cotton,4.533802922170082
1917.720452025051,4.760471559660577,178,0,0,Peaty,Maize,7.565593408587447
1809.3035994703723,56.52427773373235,212,0,0,Chalky,Maize,2.775647404959935
1487.6148694860856,36.438874759748124,91,0,1,Silt,Maize,1.663238906133577
695.2209733096566,21.904729947334445,211,0,0,Peaty,Barley,9.319790123863651
378.8277458806437,49.934359813110596,71,1,1,Loam,Wheat,9.025730922409874
1159.1731638628314,57.170124267247566,96,1,1,Silt,Rice,2.8218407610826426
1872.2889716358281,21.675564828718475,80,1,1,Peaty,Maize,9.298202558211424
1087.511961457693,29.043902604734186,254,0,1,Peaty,Soybean,7.856203769336862
1127.4882104830601,48.61441992916459,238,0,1,Silt,Maize,7.163512369275178
854.437715049014,58.8030532636118,241,0,0,Clay,Rice,8.470881204990416
2.9786248354972678,22.447949439270985,264,1,1,Chalky,Soybean,1.9538340540161125
1494.9839939816693,0.6017352944801113,195,0,1,Loam,Wheat,2.3127719330267467
1369.3060279175274,45.486089230473496,298,0,1,Loam,Rice,5.289855664473535
925.9747555844207,52.4324437528484,290,1,1,Peaty,Wheat,8.395506458184062
1473.9580430392655,-5.506621696196886,216,0,1,Sandy,Maize,1.0918150144059156
269.56678119651747,9.218259194616017,131,1,0,Peaty,Barley,3.746374598627876
1240.523638197458,21.936415370096228,176,0,1,Silt,Wheat,1.9604456529579997
814.9646006760398,5.044158592550324,32,0,1,Chalky,Soybean,5.01040669583661
1638.918738225466,41.37204166624867,203,0,0,Loam,Barley,4.62046201999474
669.0785742571337,27.65289646891639,33,1,0,Silt,Soybean,9.547850043491161
1754.8244980792676,7.642899344677455,218,0,0,Loam,Rice,6.847371238038382
1531.7690268933827,10.93210810442219,78,1,1,Peaty,Barley,8.4170458995576
462.78203164387867,18.784133299123233,158,1,0,Silt,Soybean,4.947613697459072
1680.0059177598791,45.89825425500395,218,1,1,Sandy,Wheat,7.481485519668676
304.11983492690655,13.529123409509614,193,0,0,Chalky,Rice,9.896498007962373
1026.6830189791228,18.85783666493479,191,0,0,Sandy,Rice,5.888574444091758
1816.5380574458543,30.549109714449063,193,1,1,Loam,Wheat,8.715142262567372
1764.07996965075,41.89254252966539,84,1,0,Peaty,Maize,4.890208995502471
1255.8211183981407,-7.024207556176865,63,0,0,Peaty,Barley,5.178658905676852
688.7784455473569,3.9677670947171273,79,0,1,Chalky,Rice,4.585501746608531
178.75559966990684,-3.5325620859617715,122,0,0,Peaty,Barley,1.453249988385839
486.35990609652777,9.569281233697682,261,1,0,Chalky,Wheat,3.20532120563952
1595.2583175807845,48.89342942291479,207,1,1,Silt,Wheat,2.7809895724965665
1947.6277644816387,-3.581569070004711,81,1,1,Sandy,Maize,9.848283120465073
1726.135434335513,50.48934190578834,48,1,0,Peaty,Cotton,3.525588211359658
730.613162691269,17.26620059339165,72,1,0,Loam,Wheat,6.459551432669922
160.3121727202401,49.95396706767912,174,0,1,Peaty,Wheat,8.823008633003303
833.7116552045445,48.73249610592743,83,0,0,Peaty,Barley,4.348819672331015
814.224879647806,24.509783105716732,171,1,1,Silt,Wheat,1.8452816412714417
659.4928838983667,54.103980029940494,208,0,0,Peaty,Soybean,2.1981820207732974
1875.1382963820522,5.7044804828601965,197,1,1,Silt,Maize,9.409829069289213
928.0642583068524,32.997819477191754,176,0,1,Peaty,Barley,2.519265071604443
72.00408503693434,41.428092837984046,79,0,0,Silt,Cotton,9.742443079930293
1727.4562949037672,15.365777557202083,174,0,1,Silt,Maize,7.85717763397658
1631.614656492865,52.06068537724598,69,0,1,Chalky,Maize,6.771970566803887
1782.3807313873513,52.503807741257795,282,0,0,Peaty,Cotton,6.270458321402647
1755.7806585401806,44.784967298488056,213,1,1,Clay,Maize,7.5102260287892975
956.222135003284,30.09982752366993,101,0,0,Chalky,Barley,2.0083095778128817
1058.1358801072147,33.48837774165652,252,0,1,Clay,Maize,3.683578642838048
1378.2505914537871,-6.796585224575171,261,1,0,Chalky,Soybean,1.5236066528345371
1309.6120632572863,25.714663453528438,273,1,1,Peaty,Cotton,4.703543017728831
138.1029308290165,6.848489369268464,243,0,1,Silt,Cotton,6.266865736323229
1601.717033254132,-5.574517769965194,222,1,0,Sandy,Wheat,1.1582910014225898
1912.6916134870355,44.97957405900906,73,0,0,Peaty,Wheat,9.985194125537415
10.290515409769885,7.115302042104337,167,0,0,Chalky,Wheat,2.1089576958443046
987.3735066174305,42.59337168187672,82,0,1,Peaty,Maize,6.636621439419193
914.6394455802804,29.16183185426278,36,0,1,Sandy,Cotton,5.939724082652187
761.7871425080376,-8.74360524587731,141,1,1,Sandy,Cotton,9.106056707653389
1875.3815673251534,27.629881376580876,218,1,0,Peaty,Cotton,3.084584765270389
577.5422060525044,-0.756322641788757,78,0,0,Chalky,Barley,5.366307557304444
33.37214581349968,40.84528975838567,189,0,1,Chalky,Soybean,3.573406094081291
725.0441012967736,43.70750492820009,78,1,1,Silt,Cotton,6.028713919304131
1822.595311068845,27.07506585690052,247,0,1,Clay,Rice,2.608012485508336
369.4136500728058,56.1126977819767,261,0,0,Chalky,Wheat,4.471948195105097
1361.8188664581373,23.711304801228646,296,0,0,Clay,Rice,5.3168728981133695
1788.8808400352807,42.66734928455405,99,1,0,Loam,Rice,9.199955093872312
605.3410786510705,17.601541992056035,31,0,0,Sandy,Wheat,7.999816691652155
775.5675047490778,39.50688294084986,93,0,0,Silt,Rice,4.124422998261745
1684.1051689260373,23.356822172593223,288,0,0,Peaty,Rice,5.207617844224781
1905.0098411973122,0.6784437151066325,63,0,1,Chalky,Barley,1.2359099324660263
1361.8271744119227,15.954913714290925,152,1,0,Sandy,Cotton,7.672615706495927
1971.0896740195376,28.28540764653639,115,1,0,Clay,Maize,7.367835765471506
493.06232029083066,30.06298125173762,73,0,0,Clay,Rice,4.822186185899399
756.2851150115384,15.726469571032188,278,0,1,Sandy,Rice,4.5141812388240465
1866.6581291109753,-7.1246184689164105,120,1,0,Clay,Wheat,9.892340781137955
900.135166147344,-5.612889187289552,132,1,0,Clay,Barley,2.6163024593754667
999.7259085442822,31.787368476865193,130,0,0,Chalky,Wheat,3.2171206109032466
245.50579370387183,7.000112382079337,170,1,0,Silt,Rice,7.964721848997787
258.50809177040657,1.4852935163214698,253,0,0,Loam,Cotton,1.3372588182393879
1477.833138158235,12.466153983756879,103,0,1,Loam,Barley,1.574352811904236
1719.5973466764217,31.195019945878606,218,1,0,Chalky,Cotton,1.0628228571497307
1005.2147429300243,10.777197435096506,173,1,1,Clay,Maize,1.0397482871494823
1756.130677732291,-5.980026476872138,211,0,0,Peaty,Soybean,8.760183197073735
1053.208532196886,3.796280964436537,297,0,0,Silt,Wheat,3.53113488458068
533.2136888522218,33.34067861344241,281,0,1,Silt,Barley,5.815556048400787
1757.943054994092,58.76259148900452,254,1,1,Silt,Maize,7.273166791639607
812.1592631838108,-3.605182733418207,79,0,0,Silt,Soybean,4.445594692472634
1952.8992755979612,37.835244055049635,220,0,1,Peaty,Rice,4.512703287989839
105.43810633438699,50.095496174606424,237,1,0,Chalky,Cotton,3.737569155423529
1756.3288226485097,37.875810573917555,179,1,1,Chalky,Barley,8.641030842274066
133.07230770998646,31.224728130925453,269,0,0,Peaty,Soybean,4.066637212364833
1587.2290807961804,53.10401975824412,95,1,1,Sandy,Soybean,1.0379698070419883
405.57934717176835,38.54909289655685,249,0,0,Clay,Barley,5.503021447115831
440.94903265342555,41.39927672949053,289,0,1,Clay,Maize,9.657580332094613
427.8288138422788,7.573390763973478,49,1,1,Clay,Maize,1.6638549476008175
920.8129673996524,5.92892884063371,36,1,1,Silt,Rice,9.622516628206583
883.7818078010966,47.9118439343762,265,0,1,Silt,Wheat,7.0501716342520515
389.7148654316633,5.726679098947457,196,0,0,Clay,Barley,1.6593945175560814
1473.7232926450145,12.96362778699914,172,0,0,Loam,Soybean,5.219114837398309
679.0479265585639,-4.312455579505147,192,0,0,Clay,Cotton,2.0706665773276174
1202.5129273454606,35.529177058476606,247,0,0,Chalky,Maize,3.867340502835443
1871.0398709373665,-9.26829110910035,90,0,1,Peaty,Wheat,6.160177604014719
1446.369134843755,2.658134592346031,234,0,1,Chalky,Soybean,1.1350819643026813
895.5837230950352,45.57335174734693,33,0,1,Silt,Maize,7.940822057799566
271.9986850627747,43.29201394393232,125,0,0,Loam,Maize,9.520317596276975
979.7651628361725,-6.387997146296044,40,0,1,Sandy,Cotton,3.558442551682139
1027.9885864724913,14.240994244751967,132,0,1,Peaty,Maize,9.486548730864895
706.0618937200431,26.328213029626024,68,1,0,Clay,Rice,6.788179378226756
1101.5861973202427,27.633540961996378,132,1,1,Loam,Wheat,3.185298193262806
1938.4966829249074,-9.744840572554464,270,1,1,Sandy,Wheat,9.566164462351407
331.3700642211881,47.41015814231245,119,1,0,Silt,Maize,4.839106219818254
864.4914231674044,20.161706042326674,80,0,0,Peaty,Barley,2.100416449997358
1531.7742670700131,0.12798708318022434,142,1,1,Chalky,Rice,4.721208367128283
1445.2953393635246,31.629286581370064,200,0,1,Chalky,Cotton,4.339306304658051
1985.7653127400615,14.153357772867253,272,0,0,Chalky,Wheat,3.8440489896725003
857.6479902158716,22.72505002978752,77,1,0,Clay,Soybean,1.6838394502479588
195.51260810999983,20.090456218432408,280,1,0,Sandy,Rice,6.330025050605246
1629.776836477556,27.705611186324337,183,0,1,Loam,Maize,9.455955206323827
753.3311286976136,45.09186460352199,188,1,0,Sandy,Wheat,2.8418027437064577
1356.0280165576198,1.8327967109278442,85,1,0,Peaty,Rice,9.629235781473234
122.37907815472072,50.51364072355025,285,1,0,Clay,Soybean,7.107966095512456
1399.8452808957331,27.688600892786052,184,0,0,Silt,Cotton,3.6101883294771744
267.33957903458827,-8.751835479501992,273,1,1,Clay,Wheat,3.9549400540895716
258.91279187769055,48.87584149868405,274,1,1,Chalky,Wheat,9.32590461203666
448.3812920604111,43.34241703014911,199,1,0,Silt,Cotton,4.755098131580871
1842.5359499810631,32.967939883942506,272,1,0,Silt,Rice,6.722119989846024
998.2034893416636,-4.517467318241385,122,1,1,Peaty,Maize,1.914088937623992
1691.0016535433556,7.364789710932147,244,0,1,Loam,Wheat,6.810204709858926
1811.3858566439228,26.08649323116003,284,0,1,Silt,Barley,9.308848975600283
1461.4322260015224,25.949221667206235,246,0,1,Sandy,Maize,6.595324692154877
25.136633494606375,43.32377237859965,112,0,0,Chalky,Cotton,4.518419388614368
414.8323001193415,3.5265511711160027,180,0,1,Peaty,Rice,1.4951522002235826
1629.977348540208,10.950745710740856,120,1,1,Loam,Cotton,3.6091400259832582
494.59759397348967,-9.87017270314325,299,0,0,Peaty,Barley,8.177891020599802
1778.4525625372348,6.554027496875543,134,1,0,Silt,Maize,1.6023822899789528
533.8090605100931,15.446598235281824,178,1,1,Loam,Maize,8.519819824718786
403.12963912695676,-5.831589166698977,276,1,0,Sandy,Rice,3.301295018360171
191.31852625553347,0.5115604268675322,115,1,1,Sandy,Wheat,6.350701427391932
446.15868464696587,1.6335456784293745,243,0,1,Chalky,Barley,8.844787912532793
1632.003136293176,30.48769372778533,210,1,0,Clay,Wheat,4.2572068171083925
586.305449164291,52.89564355369369,260,1,1,Loam,Soybean,3.27392563946933
790.7154584329656,41.575803082436686,223,0,0,Loam,Barley,9.967500874204685
1264.4351580005286,35.013737399425494,121,1,1,Loam,Wheat,2.2577733749415247
35.6383828488398,45.55455940941656,100,0,0,Loam,Barley,5.23340622240305
406.13705245929464,28.374514405645513,177,1,1,Sandy,Maize,8.419898072375759
1865.978232327054,3.875636055640909,157,0,0,Sandy,Soybean,4.410070534230926
1890.8639477873971,52.29514364805068,262,1,0,Loam,Wheat,8.15540982909184
1369.2808581749593,-9.907175694327478,103,1,0,Peaty,Barley,5.112489211439759
609.8309429860756,-1.5334993862472202,107,1,0,Peaty,Soybean,1.6414342228906806
1562.8631604930351,5.6215827938429985,264,0,0,Peaty,Barley,4.635363004478527
659.7848088877137,-8.156584999452033,126,1,0,Loam,Maize,3.161785694453895
33.97693974537974,14.507366840557491,197,1,1,Peaty,Maize,4.945670625277069
1764.1167695525435,16.222911329864893,95,0,0,Chalky,Cotton,3.0164478389600897
1762.869986494555,54.30431896520721,160,1,1,Peaty,Cotton,7.355364650522067
139.38310797508203,44.69486623864347,231,0,1,Chalky,Barley,2.7887616426780535
1768.97964343027,13.6738029502039,99,0,0,Silt,Rice,7.9527343158139985
46.90462886535896,52.17382717076043,125,1,0,Chalky,Cotton,7.816394130489961
1738.2787322214804,19.615126493521117,136,1,0,Silt,Soybean,3.8268193761330336
579.7870553946101,6.1073378587606175,289,1,0,Silt,Soybean,3.0519777127080427
1702.42028039281,49.60699895256026,87,0,1,Sandy,Wheat,2.612863204866117
546.0448218645886,44.85634921664321,124,0,1,Chalky,Barley,2.0521258511514757
1724.4498274539185,-1.2118080263052322,62,0,1,Clay,Rice,1.0709260288220914
296.59798423697595,28.41060678452212,110,1,0,Sandy,Maize,3.5300134551055518
1244.6034018747048,55.572854561935486,48,1,1,Chalky,Soybean,2.226379533872771
1067.9226630814576,59.70899661288301,139,1,0,Clay,Maize,6.454211782430504
732.1418167197749,3.6400663828078175,271,1,0,Peaty,Wheat,7.704517135739247
1209.8214138971816,56.762120123616604,78,1,0,Peaty,Barley,3.1485264478216792
1933.4305854333609,32.55476716644482,160,0,0,Clay,Cotton,4.96107107402447
1278.8326586553426,41.737055223209076,170,0,0,Loam,Rice,1.2237807098555316
1095.7798386504546,46.06035415929131,138,0,1,Silt,Soybean,2.5020407405685705
1281.2418152089608,-2.308894194263816,192,1,1,Clay,Maize,7.201090271804132
1551.312479857224,12.104836594007454,53,1,0,Silt,Wheat,5.155782195901044
685.3376862252036,45.792275947663995,80,0,1,Peaty,Soybean,3.9390325573298255
513.6923788699386,53.663491020501176,102,0,0,Peaty,Soybean,5.029358385298013
1719.6340594340345,30.395845692160393,98,1,1,Peaty,Barley,7.25596010927872
839.5207949538157,39.181377702675604,192,1,0,Silt,Maize,1.7160253533165666
1010.3854097135559,4.670069323525537,127,1,1,Sandy,Soybean,6.963304215937353
1277.4616190543893,4.2160646541976154,76,0,0,Loam,Rice,5.269207900120271
1097.604458331086,55.5491378228362,138,1,1,Silt,Wheat,4.185600002054362
1332.4970313306073,-6.283426408553371,228,0,0,Clay,Wheat,7.65299068750438
1781.9330001134858,0.17615422287518445,253,0,1,Peaty,Maize,9.608709551275265
982.1479101673751,6.830686578053528,207,0,1,Loam,Maize,2.6135993371804562
850.0454892578105,45.99042199945951,41,0,0,Chalky,Maize,4.55230796146182
437.4667172637998,11.282003014864507,153,0,1,Loam,Cotton,5.762714567843441
1044.4689649985,13.96458282889683,115,1,1,Sandy,Cotton,4.326058003138192
477.57884891740065,17.606381889798286,137,0,0,Loam,Rice,3.0496730247431176
1740.3964711260026,42.609666739387094,215,1,0,Peaty,Barley,5.797528565147828
980.2400644333225,-6.86201566919571,238,1,1,Chalky,Rice,5.029456879786572
99.78336226125117,34.505732923323094,200,1,1,Loam,Soybean,3.342205448007325
889.0364805669058,1.466085812407567,293,0,0,Peaty,Maize,8.061121457227644
1874.4797654801766,48.595797905982195,138,1,1,Loam,Barley,7.042572269439849
1855.1289412813715,44.17069302695114,105,1,1,Chalky,Maize,8.911421598683912
1676.574737634718,-8.112017514118437,133,0,0,Chalky,Soybean,6.383294777860016
744.8312818890106,34.19602894026115,112,1,1,Sandy,Cotton,6.206971767944485
1174.29222989338,44.440621343492445,255,0,0,Clay,Barley,1.4067657786275494
1980.0593267482238,1.5905697802768004,245,0,0,Chalky,Cotton,7.8985822242993
199.17009334643132,-2.87058095688416,137,0,1,Sandy,Soybean,2.4988707198754176
1408.849599873957,40.12662691460741,285,1,0,Peaty,Wheat,2.8555833268893442
872.019062674587,25.34449430320585,94,1,0,Chalky,Maize,3.5773294028381093
558.6696602454876,10.853569237747505,101,0,0,Loam,Barley,1.729862828023059
1280.7743193226297,28.528854188935185,296,1,1,Chalky,Barley,9.897637472183296
1115.8936374460804,14.118867920601062,245,0,0,Clay,Soybean,3.8976030901991034
1164.0209604733536,32.881005312132714,199,0,0,Chalky,Soybean,5.180063781643657
1531.682667990817,59.299816733617945,161,1,0,Chalky,Cotton,1.344810801105181
952.4828577519042,27.129275878465105,203,1,1,Clay,Soybean,3.7815430377939863
1015.9462670824169,29.667125576338503,284,0,1,Silt,Cotton,8.509097628297296
620.574561064249,56.27218725431623,208,0,0,Peaty,Cotton,4.836148729550294
1464.0542618800002,32.203138645622374,188,1,1,Clay,Barley,1.5171128508473126
1614.181972810405,-5.466323390991898,272,0,0,Peaty,Wheat,6.762914627030165
1096.4439800241591,-8.097691089843929,257,0,0,Loam,Barley,5.0845590591100525
1053.4590528735985,-7.927717635986575,250,0,0,Sandy,Maize,2.0750212201851275
1329.4028979818238,42.83685401461183,226,1,0,Sandy,Maize,8.607079682241604
1155.89688046865,13.975515690283572,84,1,1,Clay,Maize,9.801719280122398
721.6957006837437,8.619946462131765,241,1,0,Clay,Maize,4.946322606913274
1248.4027974203927,0.707796767046377,152,1,1,Loam,Barley,5.016463187191683
1011.8083890213953,36.17974962107073,145,0,1,Silt,Cotton,6.948338756637021
1378.9802224530995,-0.5706494643854054,250,1,0,Loam,Maize,7.625379718633992
1480.3406034744457,9.649287485245555,152,1,1,Clay,Wheat,9.788082862387807
1543.2585574033412,20.295329362641315,284,0,0,Chalky,Soybean,8.555319815698228
1098.1497073872276,27.77295962328572,194,1,1,Clay,Maize,6.4216812698059575
823.4767990319192,0.5047521128867938,264,1,1,Sandy,Wheat,8.93652454489482
1021.0026637476068,25.494803459100815,143,0,0,Silt,Cotton,4.465285396634041
19.739850241142108,55.536067524543334,155,1,1,Peaty,Barley,6.763942798139059
1093.225576389011,58.642810846702936,43,1,1,Peaty,Cotton,8.852842661880517
586.8965537917499,45.05382773592687,214,1,1,Sandy,Rice,8.244341578942704
1488.3211503183832,57.45941115239593,242,1,1,Peaty,Barley,7.2263289276644915
677.5570964080587,-7.517107665880848,262,0,1,Silt,Cotton,4.6055027201430825
1959.9197268180844,21.817857116338022,90,1,0,Silt,Cotton,6.968114851947158
1666.3101498931308,1.3303346618434253,58,1,0,Clay,Maize,9.8005704555337
1774.3953137189292,36.30163917113916,96,0,0,Peaty,Maize,8.715897273219706
1572.6970059537248,-9.064213339621416,238,1,0,Peaty,Rice,7.655740346753339
1205.3608656001356,-6.48946918605338,150,0,1,Peaty,Rice,3.3773245998231083
407.2991880228849,11.034663790951258,30,0,1,Chalky,Rice,5.740823169531604
1170.9016240123894,23.373717741162395,157,1,1,Loam,Cotton,2.621097479858976
937.9775100922315,-2.287558539288772,35,0,1,Chalky,Soybean,7.34192190261191
1143.171501836294,44.889695214886615,161,0,0,Chalky,Barley,7.347298370051001
1366.5612757837903,5.288185446415795,153,1,0,Sandy,Cotton,7.644091074948143
331.55834051901877,39.448249866342955,139,1,1,Loam,Rice,1.194331231915395
1686.3289836714016,12.539009315610441,162,0,1,Silt,Barley,2.731026099544334
1226.4884358480683,46.686153447500836,103,0,0,Peaty,Cotton,7.0904923014965435
1299.67104229239,-6.68309953477654,267,0,1,Peaty,Cotton,2.8358695243614354
982.55559259272,1.0217159788223729,246,1,0,Clay,Wheat,8.499961071884183
15.172914834694629,-1.3722269165241907,209,1,0,Clay,Barley,2.989422054812315
35.017801689793956,11.366956562200789,248,1,1,Silt,Barley,5.846140127066189
607.5699329675979,43.72723855897943,37,1,1,Loam,Cotton,7.8523962364961015
1971.7806245379325,15.780359129662173,246,1,1,Loam,Cotton,7.651907979945749
1019.7110518703616,-2.522269854781184,192,1,0,Peaty,Soybean,7.191114800965763
305.64367630047616,40.394583983774666,249,1,1,Peaty,Barley,8.425399691172453
1969.5163186240172,6.707507571192636,240,0,1,Clay,Maize,3.8914536679241722
1169.6678345359728,-1.8152012797867079,190,0,0,Chalky,Rice,3.9829944472428127
765.848862931799,26.369298459820197,40,1,0,Sandy,Maize,8.110204506337254
371.1107867494021,40.15392677751929,71,0,1,Peaty,Maize,2.4167668364807455
341.1432375828796,25.76407492871765,184,0,1,Clay,Barley,7.479027537257047
765.9428515657941,30.94062686776529,225,0,1,Clay,Rice,5.050684729289717
458.0281858316748,23.23532974047072,68,0,0,Loam,Maize,8.996846617917843
1644.3852127286086,25.19554055657493,162,0,1,Loam,Barley,6.698017713422116
735.4404502702931,34.53763197307698,144,1,1,Loam,Soybean,7.4022007252766615
1508.1122361668126,3.993074311671635,277,1,0,Silt,Maize,2.3736169606839472
924.7231951593742,25.017924051103158,58,1,1,Clay,Maize,3.495714343467938
700.010599822098,-8.196938481454158,132,0,0,Chalky,Soybean,1.4944276133495813
154.23650512366783,9.497855300608077,175,0,0,Loam,Soybean,7.571566938999054
1907.2545778624633,31.17714637749748,116,1,0,Chalky,Wheat,9.525953025610832
10.617685083530004,5.119653575667865,140,1,1,Chalky,Wheat,4.91898057936058
1149.872350462007,-4.339800137665968,292,1,0,Silt,Wheat,6.282883399476056
1500.3467737370154,5.093785584638609,199,1,0,Silt,Barley,8.206505746002918
149.8089117993766,7.425694788534271,137,0,1,Peaty,Cotton,5.389265382891965
886.8601654038744,-4.223552229334006,183,0,0,Chalky,Cotton,9.985291873204494
1332.7965720649813,11.091497594579012,227,0,1,Silt,Maize,2.245232588039677
1317.114569131648,10.046682974871784,33,1,1,Sandy,Maize,6.957287019235545
820.6394945553561,45.84286024649251,265,1,1,Silt,Wheat,3.1014567110439466
1264.381945540876,39.09489561025568,258,0,1,Loam,Cotton,4.684302736874175
1689.2150772158793,1.3936993139162068,115,0,1,Loam,Rice,4.668124738371178
1319.4366308524868,59.588836404581414,85,1,0,Clay,Maize,1.6727048988072204
567.9028958781511,5.520403813941559,184,0,0,Loam,Barley,3.887239732069597
831.5606022955274,58.70326916052713,257,1,0,Clay,Rice,6.015564558246127
595.0138148248876,50.737540220678426,44,0,1,Sandy,Maize,6.235779054387545
1173.8383664473367,54.34310768523053,276,0,1,Clay,Barley,4.653916407863225
872.9728825889664,56.27886266491567,173,0,1,Clay,Maize,5.765943316491591
1899.3644017063352,-2.578132429037052,176,0,1,Sandy,Rice,5.6805989805769705
294.6670748162985,-2.9684116352432888,117,0,1,Chalky,Maize,2.2661027661697
1062.208012766366,-1.8965890974724164,40,1,1,Clay,Wheat,4.293197122512537
1414.9818106872096,41.55465821353194,293,1,0,Silt,Rice,7.36209246626739
1342.1338551839906,18.879796940358567,127,0,0,Clay,Maize,4.926738624680926
893.1773591869356,56.39859104967139,37,1,1,Sandy,Barley,1.50482490771669
145.21601996139967,32.356785593735054,109,1,1,Silt,Cotton,5.827656024967176
1044.106531215612,-2.7057845531663105,78,1,1,Chalky,Soybean,8.211364378894146
1240.885589032203,-8.502179688601393,165,1,1,Chalky,Soybean,6.656771133802775
803.7236240846644,42.043553157656284,227,1,0,Loam,Cotton,5.964108210460512
1780.8531172910766,23.318786892888596,201,0,0,Loam,Rice,2.9088144448495257
51.15021252779384,28.938011683346463,130,1,1,Chalky,Barley,5.083174177745066
1780.9596070422137,6.474504827333919,100,0,1,Loam,Rice,9.009675603138282
1410.9476576826555,-4.235218611941888,272,0,0,Chalky,Barley,1.954109239183184
104.89742897637777,11.672584958622531,101,0,1,Chalky,Rice,8.010569043044805
717.2612962908047,-6.5768945757998845,39,1,1,Loam,Cotton,3.3151825808651
1309.3317067183093,27.572170806411513,210,0,1,Loam,Barley,2.551606129911938
1657.569978263867,-4.461275327185246,120,1,0,Chalky,Cotton,6.0938157602921175
1270.5468213004401,43.90915783160571,186,1,0,Clay,Maize,9.958518024193639
1369.519203767391,58.44046218065831,207,1,1,Chalky,Maize,4.23876942659147
221.2537284409335,43.656894988277486,184,1,0,Clay,Maize,7.16915464975769
1440.2986343418747,37.23284140882392,292,0,0,Clay,Barley,3.8271242775154795
650.3459362535135,-8.687695609196005,160,0,0,Clay,Barley,9.330969658698997
715.9449849752002,30.609875584997287,179,1,1,Silt,Maize,5.408153272904996
1189.4657962626325,58.39709100103114,217,0,0,Loam,Cotton,3.3296221702002815
807.2612576646657,-4.7444950977386675,163,1,1,Loam,Cotton,2.330564360933699
1789.5869724748982,28.763117140355412,289,0,0,Silt,Maize,5.558626060558622
1591.393478340622,-2.046349383518924,152,0,1,Silt,Soybean,4.8909896749369
607.9227259811826,13.732758762536932,105,0,1,Peaty,Rice,4.361294557103142
1109.884645084152,5.834744624445393,286,1,0,Chalky,Wheat,3.147561419742715
1465.5873104941074,53.45970719634061,53,0,0,Chalky,Maize,7.325067472861449
1855.6024561555225,16.930722664655733,206,0,0,Peaty,Cotton,2.495743410763536
1528.966674921089,50.91488328898167,203,0,1,Loam,Maize,7.0301901711157
55.36753569559405,41.79725277589498,263,0,1,Silt,Maize,7.9603266634515695
467.4806217820542,36.153277565407606,91,0,1,Peaty,Maize,7.22596660859206
1541.1685279171822,22.013359161096485,134,1,1,Sandy,Soybean,5.369162778147439
797.8864318251628,26.92121187337645,166,0,0,Clay,Cotton,2.5483818978097803
650.7889976673329,-6.040009235884524,232,0,0,Loam,Soybean,9.422646019595057
215.5609657538313,14.42269212164084,215,0,0,Sandy,Wheat,2.2403723692502244
151.8631474663905,59.143064013185025,123,0,0,Chalky,Cotton,1.261586521363836
442.92228887070803,44.69676611126027,171,0,0,Chalky,Rice,9.009350294447858
12.266117469097448,-2.0814244608895596,284,1,0,Clay,Soybean,1.1201040034356005
692.2504213737042,56.927213767144416,177,1,1,Loam,Cotton,2.280907079586637
1297.593544262243,-5.471881784989801,161,0,1,Chalky,Wheat,1.9425597657002942
1307.3633360802673,52.31515028139866,280,0,0,Loam,Rice,8.817098280335482
1536.3143816909449,41.504645914964364,246,1,0,Sandy,Cotton,2.539794301112118
416.80147755191,50.84522541253119,165,0,1,Sandy,Barley,6.4669110162741115
447.9836174317353,47.45143144714288,72,1,0,Clay,Soybean,5.6696932469465935
1381.1267180283376,-0.6671604224612404,154,0,1,Chalky,Maize,3.4630495273392583
1263.4720309254706,4.7739179429285405,152,0,1,Sandy,Maize,1.5178821682688088
234.9595666297448,41.87456413753433,192,1,0,Loam,Wheat,1.0595941501200934
1517.2763680351616,20.534850385142118,289,0,0,Loam,Barley,4.189468685008966
669.2545550925327,23.015683773284362,241,0,1,Clay,Barley,4.196110656129254
1425.5168048242663,-3.9388196270636957,212,1,0,Loam,Barley,8.886817762881986
1095.8992948718874,36.447605925006556,100,1,1,Sandy,Soybean,2.517373845298444
1243.8908060494603,40.288626053209775,296,1,0,Silt,Rice,4.4295920622330645
399.4142846120705,29.570186577940714,204,0,1,Sandy,Cotton,3.634469650589812
1359.76537942931,47.36541829158807,278,0,0,Peaty,Soybean,5.308612090783655
266.5574059314351,8.055266065085377,69,1,0,Peaty,Barley,5.003344080995535
942.3301159090573,51.37092868530018,264,1,0,Silt,Barley,6.32076833341721
730.2462920127446,8.481877168859386,87,1,0,Loam,Maize,6.563369364664854
1906.0372956464655,44.05727535860547,47,1,0,Loam,Maize,7.955947994918828
1152.1738508580308,55.49815737587204,265,0,1,Sandy,Soybean,2.154325915215022
1329.0406311544862,13.598511036702108,84,0,0,Silt,Barley,3.3822538619856544
1442.3666788722326,16.142737933207936,248,0,1,Sandy,Maize,6.085382002835458
65.59106412029946,-8.952586005798555,175,0,0,Chalky,Wheat,7.163109701074998
110.09420979301021,-1.3033405089787942,157,1,0,Chalky,Soybean,6.793832952495851
572.789647959893,47.33463578541838,142,0,0,Loam,Wheat,9.427313025447138
1679.7396473483839,43.94116119784495,117,1,0,Peaty,Soybean,3.156940398576376
8.959224941946564,21.92857542820305,173,1,1,Peaty,Maize,3.6998140707561102
1498.947433879937,40.10110666558611,284,0,0,Loam,Rice,1.6520899447705943
1683.6106136771066,23.36054627168975,189,1,1,Chalky,Maize,9.424571375220541
249.6663415678808,35.720202118522316,279,0,1,Silt,Barley,9.515664550344505
734.6897516099752,14.146301544736197,102,1,0,Peaty,Soybean,4.301805082767018
253.37524354611696,30.978507290074266,98,1,1,Clay,Maize,5.562751766090284
1954.728692188393,50.5795223409475,127,0,0,Chalky,Wheat,2.010422509005807
777.5504079984017,7.531531155676645,218,1,1,Loam,Rice,5.670106620040591
800.3730182306792,36.413683118699666,263,1,1,Chalky,Cotton,9.068289240591618
273.7196677557565,29.329172212025387,62,1,0,Silt,Soybean,1.5527229671541494
1714.571067883986,57.654751765381754,220,1,1,Peaty,Barley,4.602183235849974
910.8895914728705,26.50106534412268,280,1,1,Sandy,Rice,7.411647753017512
1556.0599768875045,33.43782094803827,52,1,0,Sandy,Barley,6.955964864186797
1641.8738978491817,13.155931568609292,204,0,0,Sandy,Maize,3.59389806566953
1643.2177192441818,52.484595028972905,292,0,0,Sandy,Barley,2.6481265995748746
1361.129452629408,52.083279096005406,245,0,0,Silt,Soybean,6.346734793070688
1315.7877055658842,32.1853054287363,239,1,1,Peaty,Maize,7.2252855942111
874.8650984006003,39.84303446720166,226,1,0,Peaty,Cotton,9.077404408646549
1702.6648726788658,7.475715217635131,64,0,0,Peaty,Rice,5.966745144548942
1768.1518682948904,18.64283151006141,273,1,1,Silt,Cotton,1.593995435594457
1453.3428668446036,52.37219106926037,164,1,1,Chalky,Maize,5.282971081876243
1266.9012259619353,-5.004609306959438,69,0,1,Silt,Soybean,1.1539069607989663
431.9747134571683,-3.2197625840354416,64,1,1,Silt,Soybean,8.24551054302193
961.8901982523793,51.52303772256155,86,1,1,Clay,Soybean,9.754143223395054
90.61927716373175,36.890972585849,150,1,1,Silt,Soybean,3.440343892450286
60.715666248907674,38.38427996877673,184,1,1,Clay,Barley,4.565407027420152
532.4456566063316,36.1153020406348,80,1,0,Chalky,Soybean,8.310903793528706
86.63590402895971,39.75562324275893,124,1,1,Clay,Maize,4.643661205441059
42.100618372517886,43.19337983457282,92,0,1,Chalky,Cotton,1.4670365173837407
718.3313648289211,43.71504333090205,108,1,0,Silt,Soybean,4.34413591781202
567.5601969460986,24.85297943807321,133,0,0,Peaty,Soybean,4.782055167663336
148.7585713722712,38.24024370969685,45,1,1,Silt,Rice,3.574220011350487
1892.8101361276304,-5.220707009361818,36,1,1,Loam,Soybean,9.391991807928285
1150.8726566650073,27.83365409820195,292,0,1,Silt,Cotton,6.7927050167651055
1801.115366884384,39.79079408102148,273,0,0,Chalky,Rice,4.014669603633815
339.61266193017514,44.199746350089775,260,0,1,Loam,Barley,6.11351591422553
1585.6349041402098,33.91575236006958,31,1,1,Clay,Maize,9.610399134362872
1767.8458793467264,23.964755522450158,296,0,0,Peaty,Maize,3.428319734831462
1696.6290649626885,34.55987236301352,84,1,0,Loam,Maize,9.472357252683878
1999.3922227268993,13.67882330700538,69,1,0,Sandy,Barley,7.16923068483244
428.16831772627626,41.13475917659465,71,1,0,Silt,Soybean,2.0158038084211523
707.2870229892465,22.346738443098975,178,0,0,Chalky,Maize,2.44497366488868
494.6487618870723,48.10372628848103,65,0,0,Chalky,Rice,3.3777449311422263
628.6031826577528,5.586826987895042,209,1,0,Silt,Cotton,2.1113767465208415
1485.9808364081116,23.910770851144488,44,0,1,Sandy,Cotton,5.840196653784938
1327.0411793840108,9.103836742655707,174,1,1,Silt,Barley,5.073193425874043
298.9222528295392,-3.24345687193508,105,0,0,Loam,Soybean,8.31591882651119
1894.7859766101244,14.940919509964132,196,1,1,Loam,Maize,6.573559328191444
1072.3695607209022,56.71243990546426,85,1,0,Peaty,Wheat,9.657781025913751
11.791445917235466,39.3336703732292,98,0,0,Chalky,Rice,3.3835416708103327
847.0235739263811,17.831153031537742,290,0,0,Clay,Soybean,1.0788415779224008
86.86328102519548,56.67626780554157,182,1,0,Peaty,Wheat,2.6927888768124677
463.3913917333523,23.16512964153025,108,0,0,Loam,Rice,1.7766804714319688
1719.3153286402658,35.542477765744344,199,1,1,Sandy,Maize,3.985866517777903
1051.6604003560083,-8.858906968265199,263,1,1,Loam,Rice,5.265203922499637
1110.0519864737503,43.64853084703882,202,0,1,Peaty,Barley,5.062599653708755
1120.3233743975507,-6.855389040971474,260,1,0,Clay,Wheat,9.12309240652715
839.9486588479334,54.65101568573997,209,0,0,Chalky,Wheat,9.654304037394084
1715.513680914068,17.54578817868405,231,0,1,Clay,Wheat,8.015327895857382
1189.3463330280342,52.2910466926523,85,0,0,Clay,Soybean,4.613542679673256
747.3450549863943,21.857068602516478,265,0,1,Peaty,Maize,7.4825898807194475
675.2762420960736,45.669811152917106,223,0,1,Peaty,Wheat,3.525924838179108
571.7340659527972,27.493641955646773,130,1,0,Silt,Barley,1.063543379564413
779.5797660918464,27.214772675847062,156,0,0,Chalky,Rice,4.809569994496786
358.8049996402849,34.42717211973017,267,1,0,Chalky,Cotton,8.782090452187253
1633.1499872232962,38.92533344984521,254,1,1,Chalky,Soybean,1.286298500467196
1915.1596276450732,52.563774506278335,202,0,1,Loam,Wheat,9.154642706100379
507.30915418167785,29.755517373910497,177,1,1,Peaty,Wheat,7.043672933676291
1821.8419042043986,17.028387462717546,171,0,1,Sandy,Soybean,7.484558660927629
1330.3184065141954,-1.8477781895487766,238,1,0,Silt,Rice,8.344262049726542
123.86201189384983,-5.855139946322099,149,1,0,Loam,Barley,1.0697358888591395
1621.3652768881711,42.92147538387425,227,0,1,Loam,Rice,5.939800515197046
1147.5977171093616,-2.726550150060232,288,0,0,Sandy,Cotton,6.707621812747824
1702.6946481526245,40.586603861257025,275,1,0,Peaty,Wheat,3.131433970965866
1604.1731764676638,19.889660599207684,202,0,1,Chalky,Soybean,4.477115785701573
1373.9357503735143,2.807064331892853,174,1,0,Silt,Wheat,3.255346147596502
456.52947946076836,21.12946340415845,216,1,0,Peaty,Barley,3.496028933628268
102.03530844505605,53.11262977922095,156,0,0,Peaty,Wheat,9.157889385522623
1655.0337283201739,-7.969084554500694,230,1,0,Silt,Rice,8.656709371234433
258.7092922479377,50.53567483126051,107,0,0,Loam,Rice,8.303734297119258
1836.811256301764,3.7028909843371283,219,1,1,Clay,Barley,3.6290301775142013
213.11604882902802,-5.166643798949384,90,0,1,Chalky,Cotton,5.128000549724616
1730.6984698690576,35.091467427241454,83,1,1,Clay,Maize,8.190792993187099
1745.278650458085,52.905051510338566,222,1,1,Loam,Cotton,4.009535957377804
599.1258693587116,53.28635569315579,189,1,1,Sandy,Rice,9.323642136553831
1968.1335961336797,24.6605321345704,35,1,1,Silt,Barley,8.4842721962859
1354.9357275045083,-6.531299317821047,256,1,1,Clay,Wheat,7.2826740171676905
1679.651890161491,38.98608420335162,248,0,0,Peaty,Barley,2.1540162264343414
1904.495935957854,39.212766027127856,62,0,0,Sandy,Barley,4.140514645511034
1970.9212366452562,32.48594690360744,190,1,0,Sandy,Cotton,9.869777940108914
1149.6592525217488,5.069349533351357,100,1,0,Silt,Wheat,6.540784946781713
1551.2003455913593,-2.9020984290652727,207,1,0,Peaty,Wheat,4.36767346001043
132.7477242554411,53.54579034531418,213,1,1,Silt,Soybean,2.1318999224878565
1126.2646263517827,33.61825441337481,165,1,1,Clay,Rice,6.790031372323845
1208.9696395908902,-4.773820447095568,263,0,1,Sandy,Maize,6.195527736385687
1549.4837431368944,44.480961038181356,212,0,1,Chalky,Maize,1.9990626088819718
499.23043586912866,8.361465024177352,291,0,0,Peaty,Wheat,6.379243929421217
1455.5637718922674,48.12642414545943,218,1,1,Clay,Maize,1.70680160867405
1218.1849319869857,47.99299210442635,49,0,1,Peaty,Wheat,5.8445128308897765
503.4952164588289,8.13169875933397,66,1,0,Chalky,Wheat,4.151982012204666
156.68898016401477,25.061743844465415,220,0,0,Clay,Wheat,7.35725297359487
320.6785212188834,-9.649090789281622,119,0,1,Peaty,Maize,6.648414111165461
1322.2376103209144,44.74139404854977,257,1,0,Peaty,Cotton,2.6242594632378804
254.23698855254707,46.98783766386263,32,1,0,Silt,Barley,8.310524301922927
1640.364679605355,2.510285657827749,201,1,0,Loam,Maize,2.2648216012254228
238.58447904799007,45.846710370368456,90,0,0,Silt,Soybean,7.101592250178055
1757.6469676536785,37.83105756827843,223,0,1,Clay,Cotton,5.4667082627860175
647.9424587275068,19.876297489674975,251,1,1,Clay,Wheat,5.678315216685842
368.29633522583924,57.64642381022813,174,0,0,Peaty,Soybean,6.5488265718663
804.0055301859303,-1.961485917119371,288,1,1,Silt,Cotton,2.969604993653951
631.2598892892902,44.24271096704883,125,1,0,Clay,Soybean,3.1040523387421493
742.7256485193135,44.602753342416754,75,1,1,Silt,Wheat,2.315592567237647
483.91905004618275,5.844113887350573,228,0,1,Loam,Rice,4.878668911135593
1609.130736316114,-8.058642198826558,159,0,1,Silt,Rice,4.95845973920375
320.61434621754546,18.86099576842372,187,1,1,Loam,Soybean,8.807579051034852
346.96639426561893,1.8402184794028353,261,1,0,Chalky,Maize,9.712721069580578
1843.3745729997893,40.667397789926284,241,1,0,Peaty,Soybean,8.850296671700528
1776.5441565684794,-1.3725187327591315,231,0,1,Silt,Wheat,7.055560519417275
1018.5285271786914,54.38797120827386,105,0,0,Sandy,Soybean,2.17344796043226
1795.7052366187518,-2.7873641809957093,71,1,1,Silt,Cotton,6.8670081179619915
426.39043348774175,52.633467878671766,151,0,0,Clay,Barley,1.1637628178739008
97.01037182684291,23.674053570620604,88,0,0,Sandy,Soybean,7.2114213545810655
1729.0029337247709,22.010888169946664,235,0,0,Peaty,Rice,6.635710807701803
1819.754139240952,13.207082699938352,87,0,0,Loam,Maize,2.8556765790422647
77.85334097397967,13.96461232639998,248,0,0,Chalky,Soybean,4.802441858509171
1418.0390663201426,16.26321535810367,101,0,0,Clay,Wheat,3.5039274552198725
439.78166064879696,26.3532639864796,197,1,1,Chalky,Wheat,3.5306967422728115
720.1194881096919,34.28118837379126,225,1,0,Peaty,Soybean,1.40187235440721
248.6726376911541,41.79892652457153,219,1,1,Clay,Rice,1.3389382379973616
861.0108209930652,20.06869560102261,286,1,0,Silt,Rice,7.352286574218438
70.30263212921484,-0.5506068004923736,286,0,0,Silt,Maize,6.940021600715214
1115.38766909565,35.51168913463614,238,0,1,Clay,Barley,7.8665058858332175
1582.5824880287205,50.55808914521304,138,0,1,Clay,Barley,4.382941274538054
1930.2730293126024,-9.548810215134342,264,0,0,Chalky,Maize,5.940286228010706
1519.0338256365333,42.393545972760265,48,0,1,Loam,Cotton,3.6486500287798393
225.8850259916494,25.75234775304312,122,0,0,Silt,Barley,6.348417625801121
1990.861430481668,56.465696086871674,67,1,1,Clay,Cotton,3.1559524530251872
28.32251001236652,-6.102485874670874,157,1,0,Sandy,Soybean,2.505709847939365
61.44305530673644,-6.888155502203812,60,1,1,Sandy,Barley,7.39138414906555
